time,POSITION,VELOCITY,TORQUE,Q_CURRENT,D_CURRENT,REZERO_STATE,VOLTAGE,TEMPERATURE,FAULT,MODE,POWER
0.0031282901763916016,9024.1845703125,0.040315330028533936,0.0,0,0,0,29.0,36.0,0,0,0
0.030225753784179688,9024.1875,0.4127447307109833,0.004585841204971075,0,0,0,29.0,37.0,0,10,0
0.05723881721496582,9024.2099609375,1.0793228149414062,0.043593622744083405,0,0,0,29.0,37.0,0,10,0
0.08429741859436035,9024.2568359375,2.1148645877838135,0.029459143057465553,0,0,0,29.0,37.0,0,10,0
0.11136770248413086,9024.32421875,2.8391215801239014,0.029454579576849937,0,0,0,29.0,37.0,0,10,0
0.1382753849029541,9024.4140625,3.726746082305908,0.022833213210105896,0,0,0,29.0,37.0,0,10,0
0.16541624069213867,9024.525390625,4.414494514465332,0.04429271072149277,0,0,0,29.0,37.0,0,10,0
0.19250130653381348,9024.6591796875,5.38043212890625,0.02712232992053032,0,0,0,29.0,37.0,0,10,0
0.21950030326843262,9024.81640625,6.272091865539551,0.01671343296766281,0,0,0,29.0,37.0,0,10,0
0.24669885635375977,9024.994140625,6.987254619598389,0.027834225445985794,0,0,0,29.0,37.0,0,10,0
0.2737693786621094,9025.193359375,7.972556114196777,0.021550096571445465,0,0,0,29.0,37.0,0,10,0
0.3007669448852539,9025.4169921875,8.59394645690918,0.011065040715038776,0,0,0,29.0,37.0,0,10,0
0.3278350830078125,9025.658203125,9.33987808227539,0.03386354073882103,0,0,0,29.0,37.0,0,10,0
0.3548123836517334,9025.92578125,10.242636680603027,0.007412460166960955,0,0,0,29.0,37.0,0,10,0
0.3819282054901123,9026.2099609375,11.089329719543457,0.028655871748924255,0,0,0,29.0,37.0,0,10,0
0.40911269187927246,9026.5244140625,11.877528190612793,0.01968330331146717,0,0,0,29.0,37.0,0,10,0
0.4360969066619873,9026.8544921875,12.511512756347656,0.0471661239862442,0,0,0,29.0,37.0,0,10,0
0.4630911350250244,9027.20703125,13.379759788513184,0.050338197499513626,0,0,0,29.0,37.0,0,10,0
0.49002599716186523,9027.583984375,14.343076705932617,0.017563719302415848,0,0,0,29.0,37.0,0,10,0
0.5169868469238281,9027.9794921875,15.267618179321289,0.016863113269209862,0,0,0,29.0,37.0,0,10,0
0.543997049331665,9028.396484375,16.097652435302734,0.02834472805261612,0,0,0,29.0,37.0,0,10,0
0.5710620880126953,9028.8359375,16.583539962768555,0.06033727154135704,0,0,0,29.0,37.0,0,10,0
0.5980210304260254,9029.298828125,17.444339752197266,0.064421646296978,0,0,0,29.0,37.0,0,10,0
0.6250307559967041,9029.7822265625,18.120012283325195,0.05513007938861847,0,0,0,29.0,37.0,0,10,0
0.6519834995269775,9030.2900390625,19.17326545715332,0.03324569761753082,0,0,0,29.0,37.0,0,10,0
0.6789627075195312,9030.8173828125,20.327913284301758,0.006845762487500906,0,0,0,29.0,37.0,0,10,0
0.7059850692749023,9031.3671875,21.108055114746094,0.029786614701151848,0,0,0,29.0,37.0,0,10,0
0.7329728603363037,9031.939453125,21.93826675415039,0.018412023782730103,0,0,0,29.0,37.0,0,10,0
0.7600705623626709,9032.5341796875,22.494300842285156,0.035468995571136475,0,0,0,29.0,37.0,0,10,0
0.7871003150939941,9033.1513671875,22.988927841186523,0.04470841959118843,0,0,0,29.0,37.0,0,10,0
0.8142311573028564,9033.7880859375,23.840713500976562,0.0567803680896759,0,0,0,29.0,37.0,0,10,0
0.8413405418395996,9034.451171875,25.042207717895508,0.022838294506072998,0,0,0,29.0,37.0,0,10,0
0.8684895038604736,9035.13671875,25.350452423095703,0.05879072844982147,0,0,0,29.0,37.0,0,10,0
0.8955264091491699,9035.8427734375,26.577533721923828,0.04654601961374283,0,0,0,29.0,37.0,0,10,0
0.9224913120269775,9036.5712890625,27.350021362304688,0.04013476148247719,0,0,0,29.0,37.0,0,10,0
0.9498951435089111,9037.322265625,27.940040588378906,0.05950246751308441,0,0,0,29.0,37.0,0,10,0
0.9768545627593994,9038.0966796875,28.694473266601562,0.04333938658237457,0,0,0,29.0,37.0,0,10,0
1.0038719177246094,9038.884765625,29.87366485595703,0.03806353360414505,0,0,0,29.0,37.0,0,10,0
1.0308668613433838,9039.7001953125,29.96550178527832,0.08206295967102051,0,0,0,29.0,37.0,0,10,0
1.0578882694244385,9040.537109375,31.86759376525879,0.017581520602107048,0,0,0,29.0,37.0,0,10,0
1.0848522186279297,9041.3916015625,32.47627639770508,0.030489735305309296,0,0,0,29.0,37.0,0,10,0
1.1118590831756592,9042.2685546875,32.38181686401367,0.0998494029045105,0,0,0,29.0,36.0,0,10,0
1.1390838623046875,9043.17578125,33.27907943725586,0.09069739282131195,0,0,0,29.0,37.0,0,10,0
1.166186809539795,9044.1025390625,34.45631790161133,0.05648992583155632,0,0,0,29.0,37.0,0,10,0
1.193225383758545,9045.05078125,35.808326721191406,0.018980704247951508,0,0,0,29.0,37.0,0,10,0
1.2202913761138916,9046.017578125,36.703285217285156,0.02423161081969738,0,0,0,29.0,37.0,0,10,0
1.247326135635376,9047.0087890625,37.51205825805664,0.025736955925822258,0,0,0,29.0,37.0,0,10,0
1.2743635177612305,9048.0205078125,38.28302764892578,0.017109515145421028,0,0,0,29.0,37.0,0,10,0
1.3014001846313477,9049.056640625,38.864227294921875,0.023112474009394646,0,0,0,29.0,37.0,0,10,0
1.3282837867736816,9050.1123046875,39.349605560302734,0.06819191575050354,0,0,0,29.0,37.0,0,10,0
1.355255365371704,9051.185546875,39.80860137939453,0.07916679978370667,0,0,0,29.0,37.0,0,10,0
1.382200002670288,9052.279296875,40.707847595214844,0.08654307574033737,0,0,0,29.0,37.0,0,10,0
1.409231185913086,9053.3974609375,42.3134651184082,0.034577760845422745,0,0,0,29.0,37.0,0,10,0
1.4362847805023193,9054.54296875,43.25125503540039,0.03652321547269821,0,0,0,29.0,37.0,0,10,0
1.463212490081787,9055.7080078125,42.74811553955078,0.1314636617898941,0,0,0,29.0,37.0,0,10,0
1.4902055263519287,9056.890625,44.495704650878906,0.03614070639014244,0,0,0,29.0,37.0,0,10,0
1.5172474384307861,9058.1005859375,45.2580680847168,0.046734534204006195,0,0,0,29.0,37.0,0,10,0
1.5443263053894043,9059.3291015625,45.45920944213867,0.09402384608983994,0,0,0,29.0,37.0,0,10,0
1.5713489055633545,9060.5869140625,46.731388092041016,0.06732440739870071,0,0,0,29.0,37.0,0,10,0
1.5983974933624268,9061.859375,47.26609420776367,0.08782979846000671,0,0,0,29.0,37.0,0,10,0
1.6254088878631592,9063.158203125,47.85757064819336,0.0827627182006836,0,0,0,29.0,37.0,0,10,0
1.6524393558502197,9064.4775390625,49.88561248779297,0.024206502363085747,0,0,0,29.0,37.0,0,10,0
1.6795713901519775,9065.818359375,49.17910385131836,0.10181532055139542,0,0,0,29.0,37.0,0,10,0
1.7066707611083984,9067.185546875,50.31627655029297,0.10385332256555557,0,0,0,29.0,37.0,0,10,0
1.7337243556976318,9068.5751953125,52.057594299316406,0.05228235200047493,0,0,0,29.0,37.0,0,10,0
1.7606761455535889,9069.9833984375,53.49176025390625,0.020372292026877403,0,0,0,29.0,37.0,0,10,0
1.7875776290893555,9071.4072265625,53.45097351074219,0.0753975436091423,0,0,0,29.0,37.0,0,10,0
1.8145530223846436,9072.8505859375,53.353153228759766,0.14496546983718872,0,0,0,29.0,38.0,0,10,0
1.841646432876587,9074.3212890625,54.1280517578125,0.13063235580921173,0,0,0,29.0,37.0,0,10,0
1.8686935901641846,9075.818359375,54.76262283325195,0.1415686160326004,0,0,0,29.0,37.0,0,10,0
1.8957128524780273,9077.3369140625,56.00069046020508,0.11317668110132217,0,0,0,29.0,38.0,0,10,0
1.9227712154388428,9078.873046875,56.84922409057617,0.11006800830364227,0,0,0,29.0,37.0,0,10,0
1.949793815612793,9080.4375,58.522830963134766,0.04929044470191002,0,0,0,29.0,37.0,0,10,0
1.9766349792480469,9082.01953125,59.97665023803711,0.012304154224693775,0,0,0,29.0,38.0,0,10,0
2.003635883331299,9083.6123046875,59.56615447998047,0.12772473692893982,0,0,0,29.0,38.0,0,10,0
2.030552387237549,9085.2373046875,59.94329071044922,0.11214087158441544,0,0,0,29.0,38.0,0,10,0
2.0575239658355713,9086.87890625,61.59175109863281,0.07482340186834335,0,0,0,29.0,38.0,0,10,0
2.0844595432281494,9088.546875,63.07286834716797,0.026339475065469742,0,0,0,29.0,38.0,0,10,0
2.111574649810791,9090.232421875,62.263404846191406,0.11718770116567612,0,0,0,29.0,38.0,0,10,0
2.138505697250366,9091.94921875,64.64375305175781,0.034720443189144135,0,0,0,29.0,38.0,0,10,0
2.165634870529175,9093.6826171875,63.5167350769043,0.17529642581939697,0,0,0,28.5,38.0,0,10,0
2.1926355361938477,9095.443359375,65.9146957397461,0.05248066782951355,0,0,0,29.0,38.0,0,10,0
2.2195987701416016,9097.2197265625,65.35037994384766,0.13498957455158234,0,0,0,29.0,38.0,0,10,0
2.24660587310791,9099.0224609375,67.93669891357422,0.03105979599058628,0,0,0,29.0,38.0,0,10,0
2.273576498031616,9100.837890625,67.07598114013672,0.16007520258426666,0,0,0,28.5,38.0,0,10,0
2.3005850315093994,9102.69140625,67.55187225341797,0.15421029925346375,0,0,0,29.0,38.0,0,10,0
2.327625274658203,9104.556640625,70.31413269042969,0.02164296992123127,0,0,0,29.0,38.0,0,10,0
2.354576349258423,9106.4443359375,70.80960083007812,0.06375312060117722,0,0,0,29.5,38.0,0,10,0
2.381492853164673,9108.345703125,70.39957427978516,0.1657814234495163,0,0,0,29.0,38.0,0,10,0
2.40887451171875,9110.2734375,71.05439758300781,0.15100222826004028,0,0,0,29.0,38.0,0,10,0
2.435936689376831,9112.2578125,71.86103057861328,0.12242309749126434,0,0,0,29.0,38.0,0,10,0
2.462928295135498,9114.234375,72.45482635498047,0.15607306361198425,0,0,0,29.0,38.0,0,10,0
2.4898760318756104,9116.23046875,73.3155517578125,0.15995699167251587,0,0,0,28.5,38.0,0,10,0
2.5169034004211426,9118.248046875,74.1723403930664,0.17739568650722504,0,0,0,29.0,38.0,0,10,0
2.5440220832824707,9120.287109375,75.0740966796875,0.1345215141773224,0,0,0,29.0,38.0,0,10,0
2.5711212158203125,9122.357421875,76.1441421508789,0.1363176554441452,0,0,0,29.0,38.0,0,10,0
2.598193883895874,9124.4443359375,78.35044860839844,0.03738032653927803,0,0,0,29.5,39.0,0,10,0
2.6252546310424805,9126.560546875,79.3299331665039,0.01701398938894272,0,0,0,29.0,38.0,0,10,0
2.6521782875061035,9128.689453125,78.367431640625,0.14954078197479248,0,0,0,29.0,39.0,0,10,0
2.6791586875915527,9130.8330078125,78.87893676757812,0.1684509664773941,0,0,0,29.0,38.0,0,10,0
2.706120491027832,9133.005859375,81.81879425048828,0.05218237265944481,0,0,0,29.5,39.0,0,10,0
2.7330594062805176,9135.1953125,80.93521881103516,0.11940249055624008,0,0,0,29.0,39.0,0,10,0
2.7600855827331543,9137.4052734375,82.69497680664062,0.11513634771108627,0,0,0,29.0,38.0,0,10,0
2.7870450019836426,9139.646484375,83.3637466430664,0.08971164375543594,0,0,0,29.0,39.0,0,10,0
2.813966751098633,9141.89453125,83.97346496582031,0.10130779445171356,0,0,0,29.0,39.0,0,10,0
2.841017484664917,9144.173828125,84.55642700195312,0.1360788643360138,0,0,0,29.0,39.0,0,10,0
2.8679606914520264,9146.478515625,86.5706558227539,0.04729359224438667,0,0,0,29.0,39.0,0,10,0
2.894852638244629,9148.796875,85.3982162475586,0.17632374167442322,0,0,0,29.0,38.0,0,10,0
2.9218075275421143,9151.1376953125,87.61344909667969,0.1010810136795044,0,0,0,29.0,39.0,0,10,0
2.9489569664001465,9153.513671875,88.9287109375,0.09785308688879013,0,0,0,29.0,39.0,0,10,0
2.975994825363159,9155.904296875,89.1774673461914,0.12310829758644104,0,0,0,29.0,39.0,0,10,0
3.002896308898926,9158.3154296875,88.26918029785156,0.2457817941904068,0,0,0,28.5,39.0,0,10,0
3.0299594402313232,9160.7490234375,89.49846649169922,0.23123113811016083,0,0,0,28.5,39.0,0,10,0
3.0570175647735596,9163.2119140625,90.86311340332031,0.1926160752773285,0,0,0,28.5,39.0,0,10,0
3.0840680599212646,9165.6875,91.76815032958984,0.1519092172384262,0,0,0,29.0,39.0,0,10,0
3.1110751628875732,9168.193359375,92.58516693115234,0.0862719938158989,0,0,0,29.0,40.0,0,10,0
3.1380858421325684,9170.716796875,92.89421844482422,0.22770510613918304,0,0,0,28.5,39.0,0,10,0
3.1651737689971924,9173.2578125,93.77861785888672,0.16610117256641388,0,0,0,29.0,39.0,0,10,0
3.192214012145996,9175.82421875,93.89972686767578,0.19033659994602203,0,0,0,28.5,39.0,0,10,0
3.2191200256347656,9178.4140625,96.39833068847656,0.18720410764217377,0,0,0,29.0,39.0,0,10,0
3.2460286617279053,9181.01953125,98.1278076171875,0.061798110604286194,0,0,0,29.0,39.0,0,10,0
3.273103952407837,9183.6416015625,97.98417663574219,0.09485285729169846,0,0,0,29.0,40.0,0,10,0
3.300121545791626,9186.2939453125,97.79205322265625,0.15580248832702637,0,0,0,29.0,40.0,0,10,0
3.327051877975464,9188.9716796875,100.93732452392578,0.015097388997673988,0,0,0,29.5,39.0,0,10,0
3.3539986610412598,9191.6591796875,100.18412017822266,0.11403148621320724,0,0,0,29.0,40.0,0,10,0
3.3810794353485107,9194.3818359375,100.24087524414062,0.2027222216129303,0,0,0,28.5,40.0,0,10,0
3.408001661300659,9197.123046875,102.49542236328125,0.11086000502109528,0,0,0,29.0,40.0,0,10,0
3.435046672821045,9199.8671875,100.8464126586914,0.23238004744052887,0,0,0,28.5,40.0,0,10,0
3.462087631225586,9202.66015625,103.43692016601562,0.11089370399713516,0,0,0,29.0,40.0,0,10,0
3.489025354385376,9205.466796875,105.11677551269531,0.03921320661902428,0,0,0,29.0,40.0,0,10,0
3.5160248279571533,9208.2841796875,104.2391128540039,0.2164761871099472,0,0,0,28.5,40.0,0,10,0
3.5430569648742676,9211.1376953125,106.53582000732422,0.12035247683525085,0,0,0,29.0,40.0,0,10,0
3.570117473602295,9214.0107421875,107.90091705322266,0.07758119702339172,0,0,0,29.5,40.0,0,10,0
3.5970263481140137,9216.9033203125,106.76020812988281,0.2452109307050705,0,0,0,29.0,41.0,0,10,0
3.6239264011383057,9219.80859375,107.1635513305664,0.2671569883823395,0,0,0,28.5,41.0,0,10,0
3.650979995727539,9222.7392578125,107.93253326416016,0.26365354657173157,0,0,0,28.5,40.0,0,10,0
3.677926778793335,9225.701171875,109.0750961303711,0.18829955160617828,0,0,0,28.5,41.0,0,10,0
3.7049598693847656,9228.6796875,110.51512908935547,0.1932159960269928,0,0,0,29.0,41.0,0,10,0
3.7319936752319336,9231.6806640625,111.1672592163086,0.20822900533676147,0,0,0,29.0,41.0,0,10,0
3.7590160369873047,9234.7021484375,111.40377044677734,0.23017320036888123,0,0,0,28.5,41.0,0,10,0
3.7860193252563477,9237.75,112.24594116210938,0.29728153347969055,0,0,0,28.5,41.0,0,10,0
3.8129937648773193,9240.814453125,112.63401794433594,0.27971023321151733,0,0,0,28.5,41.0,0,10,0
3.839958429336548,9243.9013671875,113.91290283203125,0.2515001595020294,0,0,0,28.5,41.0,0,10,0
3.867000102996826,9247.0126953125,116.72361755371094,0.12370454519987106,0,0,0,29.5,41.0,0,10,0
3.8939943313598633,9250.1455078125,116.95818328857422,0.12834465503692627,0,0,0,29.0,41.0,0,10,0
3.92098331451416,9253.3017578125,116.29336547851562,0.22992198169231415,0,0,0,28.5,41.0,0,10,0
3.948007345199585,9256.4765625,119.07413482666016,0.09369982033967972,0,0,0,29.5,42.0,0,10,0
3.9750142097473145,9259.673828125,118.54568481445312,0.16972221434116364,0,0,0,29.0,42.0,0,10,0
4.002054452896118,9262.89453125,118.21762084960938,0.259611576795578,0,0,0,28.5,42.0,0,10,0
4.028975963592529,9266.1435546875,121.14251708984375,0.1330975592136383,0,0,0,29.0,42.0,0,10,0
4.056025981903076,9269.392578125,120.021728515625,0.22955253720283508,0,0,0,28.5,42.0,0,10,0
4.082902669906616,9272.6845703125,121.7517318725586,0.2199292778968811,0,0,0,28.5,42.0,0,10,0
4.11002254486084,9275.990234375,124.20301055908203,0.04713966324925423,0,0,0,29.5,42.0,0,10,0
4.137009859085083,9279.3212890625,122.65225219726562,0.2822941541671753,0,0,0,28.5,42.0,0,10,0
4.163913011550903,9282.6728515625,124.80300903320312,0.13434289395809174,0,0,0,29.0,42.0,0,10,0
4.191013336181641,9286.0439453125,126.68522644042969,0.0912846103310585,0,0,0,30.0,42.0,0,10,0
4.218055486679077,9289.44140625,126.95794677734375,0.17520597577095032,0,0,0,29.0,43.0,0,10,0
4.24501895904541,9292.8603515625,125.04564666748047,0.291006863117218,0,0,0,28.5,43.0,0,10,0
4.272052526473999,9296.298828125,126.80791473388672,0.250371515750885,0,0,0,28.5,43.0,0,10,0
4.298953056335449,9299.7578125,127.7109603881836,0.2951570153236389,0,0,0,28.5,43.0,0,10,0
4.326047420501709,9303.23828125,128.55555725097656,0.2625167965888977,0,0,0,28.5,43.0,0,10,0
4.353008270263672,9306.751953125,129.41734313964844,0.33366915583610535,0,0,0,28.5,43.0,0,10,0
4.379992246627808,9310.271484375,130.122314453125,0.26434651017189026,0,0,0,28.5,43.0,0,10,0
4.407031297683716,9313.8125,130.73963928222656,0.3307647407054901,0,0,0,28.5,43.0,0,10,0
4.434064865112305,9317.384765625,131.1011962890625,0.2807275652885437,0,0,0,28.0,43.0,0,10,0
4.461120128631592,9320.98828125,134.73104858398438,0.12260645627975464,0,0,0,29.5,44.0,0,10,0
4.488070487976074,9324.607421875,135.41452026367188,0.1753585934638977,0,0,0,29.0,44.0,0,10,0
4.515025615692139,9328.2353515625,134.17410278320312,0.3020513653755188,0,0,0,29.0,44.0,0,10,0
4.542089939117432,9331.8896484375,133.89309692382812,0.299777626991272,0,0,0,28.0,43.0,0,10,0
4.569148063659668,9335.58203125,137.46005249023438,0.20752720534801483,0,0,0,29.5,44.0,0,10,0
4.59617280960083,9339.287109375,136.6641845703125,0.27273228764533997,0,0,0,28.5,44.0,0,10,0
4.623199939727783,9343.0166015625,139.4370880126953,0.18843689560890198,0,0,0,29.5,44.0,0,10,0
4.6503424644470215,9346.783203125,138.27615356445312,0.22301077842712402,0,0,0,28.5,44.0,0,10,0
4.677350997924805,9350.5498046875,140.38726806640625,0.2162865251302719,0,0,0,29.5,44.0,0,10,0
4.704233884811401,9354.3427734375,139.71615600585938,0.3610154092311859,0,0,0,28.5,45.0,0,10,0
4.731250524520874,9358.14453125,142.25439453125,0.190107062458992,0,0,0,29.5,45.0,0,10,0
4.758394241333008,9361.994140625,143.7879638671875,0.11402014642953873,0,0,0,29.0,45.0,0,10,0
4.785418510437012,9365.8525390625,141.82406616210938,0.38341695070266724,0,0,0,28.0,45.0,0,10,0
4.812396764755249,9369.7353515625,142.75616455078125,0.3100719451904297,0,0,0,28.5,45.0,0,10,0
4.839432716369629,9373.6357421875,145.47787475585938,0.18315264582633972,0,0,0,29.5,46.0,0,10,0
4.866440057754517,9377.5732421875,146.00128173828125,0.23700954020023346,0,0,0,30.0,46.0,0,10,0
4.893561363220215,9381.509765625,147.4186248779297,0.20744840800762177,0,0,0,30.0,46.0,0,10,0
4.920536756515503,9385.4921875,148.483642578125,0.16160409152507782,0,0,0,30.0,46.0,0,10,0
4.947603225708008,9389.4794921875,149.5476837158203,0.1798756718635559,0,0,0,29.0,46.0,0,10,0
4.9745190143585205,9393.5,150.28570556640625,0.15452013909816742,0,0,0,29.5,47.0,0,10,0
5.001471519470215,9397.5302734375,150.81317138671875,0.2201099544763565,0,0,0,30.0,47.0,0,10,0
5.028657674789429,9401.5751953125,151.1748504638672,0.18501795828342438,0,0,0,30.5,47.0,0,10,0
5.030628442764282,9401.8720703125,148.73336791992188,0.29861798882484436,0,0,0,26.5,47.0,0,10,0
5.057655096054077,9405.94140625,150.8510284423828,0.26695334911346436,0,0,0,26.5,46.0,0,10,0
5.059561729431152,9406.2294921875,148.58746337890625,0.34191226959228516,0,0,0,29.5,47.0,0,10,0
5.08663272857666,9410.2783203125,148.57147216796875,0.31597745418548584,0,0,0,28.0,47.0,0,10,0
5.088420867919922,9410.5751953125,150.7235870361328,0.2364782691001892,0,0,0,30.5,47.0,0,10,0
5.115425109863281,9414.61328125,150.61880493164062,0.2677309513092041,0,0,0,30.0,47.0,0,10,0
5.117268323898315,9414.8916015625,148.65142822265625,0.2538313865661621,0,0,0,26.5,47.0,0,10,0
5.14416241645813,9418.943359375,150.873291015625,0.26535066962242126,0,0,0,26.0,47.0,0,10,0
5.146031379699707,9419.20703125,148.79359436035156,0.35925155878067017,0,0,0,29.5,48.0,0,10,0
5.173061370849609,9423.2626953125,148.4272918701172,0.3352438509464264,0,0,0,28.0,48.0,0,10,0
5.174996852874756,9423.5595703125,151.0924835205078,0.19391216337680817,0,0,0,30.5,48.0,0,10,0
5.201974868774414,9427.609375,150.7628173828125,0.2533160150051117,0,0,0,30.5,48.0,0,10,0
5.203705549240112,9427.8828125,148.80517578125,0.28265243768692017,0,0,0,27.0,48.0,0,10,0
5.230690956115723,9431.9140625,149.4482421875,0.3332482576370239,0,0,0,26.0,48.0,0,10,0
5.232593059539795,9432.19140625,149.0618133544922,0.20289918780326843,0,0,0,30.0,48.0,0,10,0
5.259584665298462,9436.2529296875,148.53372192382812,0.4021683931350708,0,0,0,28.0,48.0,0,10,0
5.2614428997039795,9436.53125,151.29385375976562,0.20415344834327698,0,0,0,30.5,48.0,0,10,0
5.288517951965332,9440.5869140625,150.69630432128906,0.2532309591770172,0,0,0,30.0,48.0,0,10,0
5.290286540985107,9440.8720703125,148.7640380859375,0.2980763018131256,0,0,0,27.0,49.0,0,10,0
5.317286491394043,9444.91015625,149.40538024902344,0.3402695655822754,0,0,0,26.5,49.0,0,10,0
5.31904935836792,9445.193359375,149.09027099609375,0.20145592093467712,0,0,0,30.0,49.0,0,10,0
5.345942974090576,9449.2255859375,148.71841430664062,0.3324301540851593,0,0,0,29.5,49.0,0,10,0
5.348039865493774,9449.52734375,151.4587860107422,0.1964746117591858,0,0,0,30.5,49.0,0,10,0
5.374918222427368,9453.5771484375,150.7064208984375,0.24775321781635284,0,0,0,30.5,49.0,0,10,0
5.376733779907227,9453.8388671875,148.8649139404297,0.3118506371974945,0,0,0,27.5,50.0,0,10,0
5.403693199157715,9457.8935546875,148.9425506591797,0.24011564254760742,0,0,0,26.5,50.0,0,10,0
5.405484914779663,9458.16015625,150.07467651367188,0.25461357831954956,0,0,0,30.0,49.0,0,10,0
5.432480096817017,9462.2158203125,148.72767639160156,0.38717126846313477,0,0,0,29.5,49.0,0,10,0
5.4342358112335205,9462.4873046875,151.993408203125,0.13631416857242584,0,0,0,29.0,50.0,0,10,0
5.461265802383423,9466.525390625,151.2769775390625,0.2126646339893341,0,0,0,30.5,50.0,0,10,0
5.463201284408569,9466.8046875,149.2004852294922,0.2722088098526001,0,0,0,28.0,50.0,0,10,0
5.490220069885254,9470.8662109375,148.63601684570312,0.2672123908996582,0,0,0,27.0,50.0,0,10,0
5.4921088218688965,9471.1513671875,150.1676483154297,0.2656843364238739,0,0,0,30.0,50.0,0,10,0
5.519161701202393,9475.2060546875,149.11325073242188,0.3250449299812317,0,0,0,29.5,50.0,0,10,0
5.520917654037476,9475.4892578125,151.87376403808594,0.13371936976909637,0,0,0,29.5,50.0,0,10,0
5.548027515411377,9479.5390625,151.23660278320312,0.2258484661579132,0,0,0,30.5,50.0,0,10,0
5.549986124038696,9479.8369140625,149.095458984375,0.29981622099876404,0,0,0,28.0,51.0,0,10,0
5.576886415481567,9483.8857421875,148.81210327148438,0.27711987495422363,0,0,0,26.5,51.0,0,10,0
5.578689098358154,9484.15234375,150.20672607421875,0.2941637337207794,0,0,0,30.0,51.0,0,10,0
5.60568380355835,9488.1962890625,149.16317749023438,0.18592053651809692,0,0,0,30.0,51.0,0,10,0
5.60788369178772,9488.52734375,151.52578735351562,0.20070615410804749,0,0,0,31.0,51.0,0,10,0
5.634892225265503,9492.5830078125,150.7714385986328,0.2710188925266266,0,0,0,30.5,51.0,0,10,0
5.636742830276489,9492.8564453125,148.71087646484375,0.34471550583839417,0,0,0,27.5,51.0,0,10,0
5.663756847381592,9496.912109375,149.22769165039062,0.35538798570632935,0,0,0,25.5,52.0,0,10,0
5.665638208389282,9497.189453125,149.15380859375,0.19668421149253845,0,0,0,30.5,52.0,0,10,0
5.692586183547974,9501.2392578125,148.41470336914062,0.37705880403518677,0,0,0,28.5,52.0,0,10,0
5.694517612457275,9501.5234375,151.46905517578125,0.2138250321149826,0,0,0,30.5,52.0,0,10,0
5.721480131149292,9505.5849609375,150.88226318359375,0.26400452852249146,0,0,0,30.5,52.0,0,10,0
5.723238229751587,9505.8525390625,148.6588592529297,0.3773663640022278,0,0,0,27.5,52.0,0,10,0
5.750266075134277,9509.8955078125,148.70223999023438,0.2622987627983093,0,0,0,26.0,52.0,0,10,0
5.752135992050171,9510.1796875,149.54058837890625,0.36469244956970215,0,0,0,30.0,52.0,0,10,0
5.77902364730835,9514.2294921875,148.5303955078125,0.34544092416763306,0,0,0,29.0,52.0,0,10,0
5.780767202377319,9514.4951171875,151.86582946777344,0.1312452256679535,0,0,0,29.5,52.0,0,10,0
5.807786703109741,9518.533203125,151.22096252441406,0.1918465793132782,0,0,0,30.5,52.0,0,10,0
5.809664011001587,9518.8125,148.935302734375,0.34679144620895386,0,0,0,27.5,52.0,0,10,0
5.836653232574463,9522.8681640625,148.75082397460938,0.25861987471580505,0,0,0,26.5,52.0,0,10,0
5.838585376739502,9523.146484375,150.29342651367188,0.2719317674636841,0,0,0,30.5,52.0,0,10,0
5.865476369857788,9527.2080078125,148.88723754882812,0.3486437201499939,0,0,0,29.5,53.0,0,10,0
5.867321014404297,9527.47265625,151.89869689941406,0.14308801293373108,0,0,0,28.5,53.0,0,10,0
5.894318342208862,9531.5234375,151.55419921875,0.209824800491333,0,0,0,30.5,53.0,0,10,0
5.896211624145508,9531.802734375,149.131103515625,0.2702829837799072,0,0,0,28.0,53.0,0,10,0
5.923232555389404,9535.8583984375,148.63523864746094,0.328634649515152,0,0,0,26.5,54.0,0,10,0
5.925058603286743,9536.142578125,150.294921875,0.2745569944381714,0,0,0,30.5,53.0,0,10,0
5.952026844024658,9540.19140625,149.24658203125,0.20103546977043152,0,0,0,30.0,54.0,0,10,0
5.95386004447937,9540.462890625,151.6428985595703,0.1346188187599182,0,0,0,28.5,53.0,0,10,0
5.980833530426025,9544.5078125,151.69354248046875,0.17061616480350494,0,0,0,30.5,54.0,0,10,0
5.982674837112427,9544.798828125,148.94256591796875,0.21045535802841187,0,0,0,28.0,54.0,0,10,0
6.009632587432861,9548.830078125,148.95201110839844,0.3030672073364258,0,0,0,27.5,54.0,0,10,0
6.011447906494141,9549.1083984375,150.6175994873047,0.28840407729148865,0,0,0,30.5,54.0,0,10,0
6.038376808166504,9553.146484375,150.25714111328125,0.29421907663345337,0,0,0,30.0,54.0,0,10,0
6.040168762207031,9553.4208984375,150.3287353515625,0.25459107756614685,0,0,0,27.0,53.0,0,10,0
6.067121267318726,9557.4541015625,151.7105255126953,0.184059739112854,0,0,0,28.0,54.0,0,10,0
6.068985462188721,9557.7412109375,148.5028076171875,0.3681354522705078,0,0,0,28.5,54.0,0,10,0
6.096004962921143,9561.791015625,148.9130401611328,0.1495761126279831,0,0,0,28.0,55.0,0,10,0
6.097841024398804,9562.0693359375,150.9470672607422,0.20034368336200714,0,0,0,30.5,55.0,0,10,0
6.124732732772827,9566.125,150.5042266845703,0.2597276270389557,0,0,0,30.0,55.0,0,10,0
6.126575469970703,9566.380859375,149.25094604492188,0.287358820438385,0,0,0,26.5,55.0,0,10,0
6.153499603271484,9570.4375,151.22244262695312,0.20158527791500092,0,0,0,27.5,55.0,0,10,0
6.155257225036621,9570.701171875,148.82171630859375,0.28837618231773376,0,0,0,29.5,55.0,0,10,0
6.182292938232422,9574.7392578125,148.28482055664062,0.35533106327056885,0,0,0,28.5,55.0,0,10,0
6.184164047241211,9575.0234375,151.86082458496094,0.1669711470603943,0,0,0,29.5,55.0,0,10,0
6.211087226867676,9579.0791015625,150.9695587158203,0.2481956034898758,0,0,0,30.5,56.0,0,10,0
6.212867498397827,9579.3466796875,148.96534729003906,0.33081355690956116,0,0,0,27.0,55.0,0,10,0
6.239898920059204,9583.384765625,149.47732543945312,0.23635560274124146,0,0,0,26.5,56.0,0,10,0
6.241781711578369,9583.6689453125,149.730712890625,0.21020612120628357,0,0,0,30.0,56.0,0,10,0
6.268699407577515,9587.7236328125,148.62379455566406,0.3699125647544861,0,0,0,29.0,56.0,0,10,0
6.270575046539307,9587.9892578125,152.2212677001953,0.10939005762338638,0,0,0,28.0,56.0,0,10,0
6.29751992225647,9592.044921875,151.27304077148438,0.2155458778142929,0,0,0,30.5,56.0,0,10,0
6.299394845962524,9592.3125,148.92494201660156,0.36142799258232117,0,0,0,27.5,56.0,0,10,0
6.3262739181518555,9596.3623046875,149.36463928222656,0.26586660742759705,0,0,0,27.5,56.0,0,10,0
6.328139305114746,9596.634765625,150.62713623046875,0.21546129882335663,0,0,0,30.5,57.0,0,10,0
6.355116128921509,9600.6787109375,149.43215942382812,0.293193519115448,0,0,0,30.0,57.0,0,10,0
6.356921672821045,9600.9599609375,151.50906372070312,0.15268462896347046,0,0,0,27.0,57.0,0,10,0
6.383973836898804,9605.0107421875,151.84097290039062,0.18807733058929443,0,0,0,29.0,57.0,0,10,0
6.385738849639893,9605.291015625,148.69639587402344,0.2839973568916321,0,0,0,28.0,57.0,0,10,0
6.412775039672852,9609.328125,149.0035400390625,0.27588245272636414,0,0,0,27.0,57.0,0,10,0
6.414517641067505,9609.61328125,150.73696899414062,0.2791615426540375,0,0,0,30.5,56.0,0,10,0
6.441474437713623,9613.650390625,150.1052703857422,0.26035308837890625,0,0,0,30.0,57.0,0,10,0
6.443327903747559,9613.9189453125,149.7117919921875,0.29826557636260986,0,0,0,26.0,57.0,0,10,0
6.470292568206787,9617.970703125,151.82815551757812,0.0923030897974968,0,0,0,27.0,57.0,0,10,0
6.472183465957642,9618.2451171875,148.4799346923828,0.41880670189857483,0,0,0,28.5,57.0,0,10,0
6.499183654785156,9622.30078125,148.78358459472656,0.29966604709625244,0,0,0,27.5,57.0,0,10,0
6.500916481018066,9622.5791015625,150.8164825439453,0.2593379616737366,0,0,0,30.5,58.0,0,10,0
6.527969837188721,9626.623046875,150.56976318359375,0.25874650478363037,0,0,0,30.0,58.0,0,10,0
6.529836654663086,9626.8955078125,148.9208984375,0.2548672556877136,0,0,0,26.5,57.0,0,10,0
6.556734323501587,9630.9541015625,151.5980682373047,0.2002628594636917,0,0,0,26.5,58.0,0,10,0
6.558595180511475,9631.2177734375,148.67160034179688,0.3792428970336914,0,0,0,29.5,58.0,0,10,0
6.585516929626465,9635.2724609375,148.59169006347656,0.33302950859069824,0,0,0,28.0,58.0,0,10,0
6.587281942367554,9635.5390625,151.24362182617188,0.23641426861286163,0,0,0,31.0,58.0,0,10,0
6.614318609237671,9639.5830078125,150.63717651367188,0.27604278922080994,0,0,0,30.5,58.0,0,10,0
6.616052150726318,9639.8564453125,148.83828735351562,0.34310558438301086,0,0,0,27.5,58.0,0,10,0
6.643079519271851,9643.89453125,148.98886108398438,0.24247601628303528,0,0,0,27.0,58.0,0,10,0
6.6448845863342285,9644.177734375,149.626953125,0.33575811982154846,0,0,0,30.0,58.0,0,10,0
6.671893119812012,9648.232421875,148.51295471191406,0.35865703225135803,0,0,0,29.5,59.0,0,10,0
6.673752784729004,9648.4990234375,151.8816375732422,0.13695280253887177,0,0,0,30.0,59.0,0,10,0
6.70074462890625,9652.5546875,150.915771484375,0.2292986810207367,0,0,0,30.5,59.0,0,10,0
6.702465295791626,9652.8291015625,149.01467895507812,0.2689622640609741,0,0,0,28.0,59.0,0,10,0
6.729572534561157,9656.8662109375,148.6205596923828,0.27548372745513916,0,0,0,27.0,59.0,0,10,0
6.731491804122925,9657.15625,150.15711975097656,0.27966901659965515,0,0,0,30.0,58.0,0,10,0
6.75857138633728,9661.2177734375,148.7159423828125,0.37378600239753723,0,0,0,29.0,59.0,0,10,0
6.760424613952637,9661.5078125,151.8130645751953,0.16596932709217072,0,0,0,30.5,59.0,0,10,0
6.787516355514526,9665.5625,150.83517456054688,0.1964775025844574,0,0,0,30.5,59.0,0,10,0
6.789414882659912,9665.84765625,148.43748474121094,0.39572659134864807,0,0,0,27.5,59.0,0,10,0
6.816411256790161,9669.904296875,149.10626220703125,0.3217668831348419,0,0,0,26.0,60.0,0,10,0
6.818183183670044,9670.1884765625,149.3699188232422,0.22419820725917816,0,0,0,29.5,60.0,0,10,0
6.845181703567505,9674.224609375,148.5364227294922,0.349779337644577,0,0,0,29.5,60.0,0,10,0
6.847089767456055,9674.52734375,151.42591857910156,0.2043638676404953,0,0,0,31.0,60.0,0,10,0
6.874003171920776,9678.564453125,150.77972412109375,0.19445563852787018,0,0,0,30.5,60.0,0,10,0
6.875884771347046,9678.83203125,148.9005584716797,0.28059354424476624,0,0,0,28.0,60.0,0,10,0
6.902883529663086,9682.8818359375,148.70245361328125,0.2950424253940582,0,0,0,26.5,60.0,0,10,0
6.904643774032593,9683.1669921875,149.9855499267578,0.23629333078861237,0,0,0,30.0,60.0,0,10,0
6.931663513183594,9687.21484375,148.89544677734375,0.37795498967170715,0,0,0,29.5,61.0,0,10,0
6.9335315227508545,9687.486328125,151.75311279296875,0.15475858747959137,0,0,0,29.5,61.0,0,10,0
6.960578918457031,9691.537109375,151.02224731445312,0.24894213676452637,0,0,0,30.5,60.0,0,10,0
6.962532043457031,9691.81640625,148.8993377685547,0.3059600591659546,0,0,0,27.5,60.0,0,10,0
6.98961615562439,9695.8837890625,148.76890563964844,0.28772634267807007,0,0,0,27.0,61.0,0,10,0
6.9915337562561035,9696.1796875,149.55276489257812,0.3535620868206024,0,0,0,30.0,61.0,0,10,0
7.018438816070557,9700.2412109375,148.78057861328125,0.36530667543411255,0,0,0,29.0,61.0,0,10,0
7.02014422416687,9700.5068359375,151.7994842529297,0.1639467477798462,0,0,0,30.0,61.0,0,10,0
7.047154903411865,9704.5380859375,151.1036376953125,0.23733897507190704,0,0,0,30.5,61.0,0,10,0
7.048856973648071,9704.8115234375,148.82241821289062,0.34201738238334656,0,0,0,28.0,61.0,0,10,0
7.075804948806763,9708.8369140625,148.72093200683594,0.31478726863861084,0,0,0,28.0,61.0,0,10,0
7.077585220336914,9709.109375,150.654541015625,0.29267609119415283,0,0,0,30.0,61.0,0,10,0
7.104507684707642,9713.15234375,150.3201141357422,0.29024145007133484,0,0,0,29.5,62.0,0,10,0
7.106361150741577,9713.4150390625,149.8885955810547,0.3247526288032532,0,0,0,27.5,62.0,0,10,0
7.133346319198608,9717.466796875,151.86378479003906,0.13866426050662994,0,0,0,28.0,61.0,0,10,0
7.135201454162598,9717.74609375,148.36752319335938,0.3558690845966339,0,0,0,28.5,61.0,0,10,0
7.162218332290649,9721.794921875,148.5797119140625,0.20467695593833923,0,0,0,28.5,62.0,0,10,0
7.163985013961792,9722.0791015625,150.9268798828125,0.2437947541475296,0,0,0,29.5,62.0,0,10,0
7.190996408462524,9726.1162109375,150.76666259765625,0.2929469645023346,0,0,0,29.0,62.0,0,10,0
7.192752838134766,9726.388671875,149.2483367919922,0.22774316370487213,0,0,0,28.5,62.0,0,10,0
7.219800710678101,9730.43359375,150.8167266845703,0.2792048752307892,0,0,0,28.5,63.0,0,10,0
7.2216713428497314,9730.7158203125,148.54641723632812,0.3256262540817261,0,0,0,28.5,62.0,0,10,0
7.248647689819336,9734.7744140625,148.36387634277344,0.31189262866973877,0,0,0,28.5,62.0,0,10,0
7.2504894733428955,9735.041015625,151.54429626464844,0.20528064668178558,0,0,0,29.0,62.0,0,10,0
7.277565956115723,9739.08984375,151.29641723632812,0.20131252706050873,0,0,0,29.0,62.0,0,10,0
7.27948784828186,9739.375,148.4443817138672,0.269476979970932,0,0,0,29.0,63.0,0,10,0
7.306380987167358,9743.4375,150.5260009765625,0.2773018777370453,0,0,0,28.5,63.0,0,10,0
7.308224439620972,9743.7021484375,149.23480224609375,0.22319144010543823,0,0,0,29.0,63.0,0,10,0
7.335282802581787,9747.75390625,148.2357635498047,0.28659459948539734,0,0,0,29.0,63.0,0,10,0
7.337143182754517,9748.037109375,151.42120361328125,0.24955126643180847,0,0,0,29.0,63.0,0,10,0
7.364170789718628,9752.0810546875,150.5686492919922,0.26020383834838867,0,0,0,29.0,64.0,0,10,0
7.3660054206848145,9752.3525390625,147.62445068359375,0.2790354788303375,0,0,0,29.0,63.0,0,10,0
7.393022060394287,9756.3740234375,147.05612182617188,0.2458123117685318,0,0,0,29.0,64.0,0,10,0
7.394958019256592,9756.66796875,148.8580780029297,0.19049441814422607,0,0,0,29.0,63.0,0,10,0
7.421906471252441,9760.6708984375,148.09779357910156,0.19594880938529968,0,0,0,29.0,63.0,0,10,0
7.42378830909729,9760.927734375,147.4930419921875,0.25324302911758423,0,0,0,29.0,63.0,0,10,0
7.450725078582764,9764.908203125,145.3548126220703,0.259093314409256,0,0,0,29.0,64.0,0,10,0
7.452524900436401,9765.17578125,146.937744140625,0.22992736101150513,0,0,0,29.0,64.0,0,10,0
7.479496955871582,9769.1201171875,146.37216186523438,0.24094435572624207,0,0,0,28.5,64.0,0,10,0
7.481237411499023,9769.3671875,144.04225158691406,0.20534776151180267,0,0,0,29.0,64.0,0,10,0
7.508321762084961,9773.2666015625,142.82371520996094,0.18364842236042023,0,0,0,29.0,64.0,0,10,0
7.510235548019409,9773.5439453125,144.9851837158203,0.24984373152256012,0,0,0,28.5,64.0,0,10,0
7.53709864616394,9777.412109375,142.290283203125,0.24620021879673004,0,0,0,28.5,64.0,0,10,0
7.538971424102783,9777.666015625,143.18724060058594,0.17077846825122833,0,0,0,29.0,65.0,0,10,0
7.565998792648315,9781.505859375,142.8983612060547,0.20580580830574036,0,0,0,29.0,64.0,0,10,0
7.5678722858428955,9781.7646484375,140.22836303710938,0.20192313194274902,0,0,0,29.0,65.0,0,10,0
7.59485650062561,9785.564453125,141.22230529785156,0.16612762212753296,0,0,0,29.0,64.0,0,10,0
7.5967981815338135,9785.84765625,138.2212677001953,0.2530696988105774,0,0,0,28.5,65.0,0,10,0
7.623835325241089,9789.611328125,140.04660034179688,0.23892691731452942,0,0,0,28.5,64.0,0,10,0
7.625685453414917,9789.8623046875,136.7156219482422,0.1601490080356598,0,0,0,29.0,65.0,0,10,0
7.652678728103638,9793.5927734375,138.4590301513672,0.169709250330925,0,0,0,29.0,65.0,0,10,0
7.654562950134277,9793.8427734375,135.32846069335938,0.2270980328321457,0,0,0,29.0,65.0,0,10,0
7.681582450866699,9797.5341796875,136.9925537109375,0.19868402183055878,0,0,0,29.0,65.0,0,10,0
7.683380126953125,9797.783203125,134.53790283203125,0.14539530873298645,0,0,0,29.0,65.0,0,10,0
7.710356712341309,9801.4228515625,134.18038940429688,0.18916915357112885,0,0,0,29.0,65.0,0,10,0
7.712214946746826,9801.6728515625,134.71241760253906,0.16409561038017273,0,0,0,29.0,65.0,0,10,0
7.7391135692596436,9805.2802734375,131.90835571289062,0.18415138125419617,0,0,0,29.0,66.0,0,10,0
7.740884780883789,9805.515625,134.2615509033203,0.23073934018611908,0,0,0,29.0,65.0,0,10,0
7.767952919006348,9809.087890625,132.77886962890625,0.17156648635864258,0,0,0,29.0,65.0,0,10,0
7.769812107086182,9809.3271484375,130.1966552734375,0.19415608048439026,0,0,0,29.0,65.0,0,10,0
7.796733140945435,9812.865234375,128.3412322998047,0.13642558455467224,0,0,0,29.0,65.0,0,10,0
7.798588991165161,9813.09765625,131.4608154296875,0.12428765743970871,0,0,0,29.0,65.0,0,10,0
7.825608730316162,9816.5986328125,130.24777221679688,0.12652897834777832,0,0,0,29.0,65.0,0,10,0
7.827560663223267,9816.837890625,127.06411743164062,0.17624159157276154,0,0,0,29.0,65.0,0,10,0
7.85459041595459,9820.3134765625,126.22513580322266,0.21414652466773987,0,0,0,29.0,65.0,0,10,0
7.8567421436309814,9820.5908203125,128.87306213378906,0.15443511307239532,0,0,0,29.0,66.0,0,10,0
7.883739948272705,9824.013671875,127.65324401855469,0.21334142982959747,0,0,0,29.0,66.0,0,10,0
7.885476112365723,9824.2451171875,124.9843521118164,0.19316019117832184,0,0,0,29.0,66.0,0,10,0
7.912473678588867,9827.6259765625,126.16027069091797,0.1615356057882309,0,0,0,28.5,66.0,0,10,0
7.914242267608643,9827.8525390625,123.06761932373047,0.19029100239276886,0,0,0,29.0,66.0,0,10,0
7.941222667694092,9831.201171875,123.56787872314453,0.13472260534763336,0,0,0,29.0,65.0,0,10,0
7.943077564239502,9831.427734375,123.76788330078125,0.14298845827579498,0,0,0,29.0,66.0,0,10,0
7.9699530601501465,9834.7529296875,121.54916381835938,0.1819801777601242,0,0,0,29.0,66.0,0,10,0
7.9718194007873535,9834.96875,123.9311294555664,0.12513823807239532,0,0,0,29.0,66.0,0,10,0
7.99871039390564,9838.2626953125,120.27438354492188,0.13548633456230164,0,0,0,29.0,65.0,0,10,0
8.000589847564697,9838.4775390625,122.59707641601562,0.16206078231334686,0,0,0,29.0,66.0,0,10,0
8.027587652206421,9841.7490234375,119.53945922851562,0.18894629180431366,0,0,0,29.0,66.0,0,10,0
8.029474258422852,9841.970703125,121.7249526977539,0.1293211281299591,0,0,0,29.0,66.0,0,10,0
8.056612253189087,9845.2431640625,118.19499969482422,0.16267040371894836,0,0,0,29.0,66.0,0,10,0
8.05842399597168,9845.453125,120.3328857421875,0.1579776555299759,0,0,0,29.0,66.0,0,10,0
8.08549165725708,9848.6669921875,118.77992248535156,0.11186829954385757,0,0,0,29.0,66.0,0,10,0
8.087349653244019,9848.890625,117.19152069091797,0.10193197429180145,0,0,0,29.0,66.0,0,10,0
8.114376544952393,9852.083984375,118.75621032714844,0.1547771692276001,0,0,0,29.0,66.0,0,10,0
8.11612343788147,9852.298828125,116.20243072509766,0.11590303480625153,0,0,0,29.0,66.0,0,10,0
8.143123149871826,9855.4482421875,117.24217987060547,0.1869324892759323,0,0,0,29.0,66.0,0,10,0
8.14486575126648,9855.6640625,116.74850463867188,0.11294051259756088,0,0,0,29.0,66.0,0,10,0
8.171872615814209,9858.7939453125,114.56452941894531,0.10432784259319305,0,0,0,29.0,66.0,0,10,0
8.17368221282959,9858.998046875,116.9081802368164,0.14283736050128937,0,0,0,29.0,66.0,0,10,0
8.200641870498657,9862.099609375,115.837158203125,0.100582554936409,0,0,0,29.0,66.0,0,10,0
8.202557802200317,9862.30859375,113.48954772949219,0.16516649723052979,0,0,0,29.0,66.0,0,10,0
8.229589462280273,9865.3955078125,113.03778839111328,0.12466586381196976,0,0,0,29.0,66.0,0,10,0
8.231482982635498,9865.6123046875,114.77560424804688,0.18715016543865204,0,0,0,28.5,66.0,0,10,0
8.258551359176636,9868.6748046875,112.64120483398438,0.1297595202922821,0,0,0,29.0,67.0,0,10,0
8.260415077209473,9868.8876953125,111.23703002929688,0.10336516797542572,0,0,0,29.0,66.0,0,10,0
8.28748631477356,9871.921875,111.49805450439453,0.1402822583913803,0,0,0,29.0,66.0,0,10,0
8.289389371871948,9872.138671875,112.5862808227539,0.1640251725912094,0,0,0,29.0,66.0,0,10,0
8.316611528396606,9875.16015625,111.4705581665039,0.11837062984704971,0,0,0,29.0,66.0,0,10,0
8.318475723266602,9875.37890625,110.04685974121094,0.14215637743473053,0,0,0,29.0,67.0,0,10,0
8.34559416770935,9878.3642578125,108.94453430175781,0.11467130482196808,0,0,0,29.0,66.0,0,10,0
8.347511053085327,9878.5830078125,111.23127746582031,0.15374238789081573,0,0,0,29.0,66.0,0,10,0
8.374484539031982,9881.5498046875,110.28536224365234,0.1531992107629776,0,0,0,29.0,66.0,0,10,0
8.376538753509521,9881.7578125,108.1148681640625,0.1179208979010582,0,0,0,29.0,66.0,0,10,0
8.403613567352295,9884.7138671875,107.61810302734375,0.17026016116142273,0,0,0,29.0,67.0,0,10,0
8.405519962310791,9884.916015625,108.19013214111328,0.1557629108428955,0,0,0,29.0,66.0,0,10,0
8.432592153549194,9887.83984375,106.48380279541016,0.15404371917247772,0,0,0,29.0,66.0,0,10,0
8.43449354171753,9888.0537109375,109.0048828125,0.12882669270038605,0,0,0,29.0,66.0,0,10,0
8.46159291267395,9890.96484375,108.4229736328125,0.10286027193069458,0,0,0,29.0,67.0,0,10,0
8.463522672653198,9891.1767578125,107.32316589355469,0.14972074329853058,0,0,0,29.0,66.0,0,10,0
8.490593671798706,9894.068359375,107.80913543701172,0.08889878541231155,0,0,0,29.0,67.0,0,10,0
8.492433786392212,9894.275390625,105.44871520996094,0.14288438856601715,0,0,0,29.0,67.0,0,10,0
8.519516468048096,9897.1513671875,106.68915557861328,0.15100638568401337,0,0,0,29.0,67.0,0,10,0
8.521417617797852,9897.3564453125,104.9880599975586,0.13443931937217712,0,0,0,29.0,66.0,0,10,0
8.548423290252686,9900.22265625,104.71792602539062,0.12650440633296967,0,0,0,29.0,67.0,0,10,0
8.550312995910645,9900.416015625,105.9039306640625,0.13725696504116058,0,0,0,29.0,66.0,0,10,0
8.577401638031006,9903.27734375,104.33419799804688,0.15002769231796265,0,0,0,29.0,66.0,0,10,0
8.57928204536438,9903.4765625,106.30786895751953,0.13067659735679626,0,0,0,29.0,67.0,0,10,0
8.60636830329895,9906.322265625,103.87895202636719,0.14185719192028046,0,0,0,29.0,66.0,0,10,0
8.60827088356018,9906.525390625,106.0379638671875,0.13977397978305817,0,0,0,29.0,66.0,0,10,0
8.635254383087158,9909.3671875,103.97618103027344,0.11045565456151962,0,0,0,29.0,66.0,0,10,0
8.637163162231445,9909.5576171875,105.72196197509766,0.11848162859678268,0,0,0,29.0,66.0,0,10,0
8.664218664169312,9912.3828125,103.77523040771484,0.10718034952878952,0,0,0,29.0,67.0,0,10,0
8.66634488105774,9912.611328125,105.39060974121094,0.17545641958713531,0,0,0,29.0,67.0,0,10,0
8.693372249603271,9915.4306640625,104.48818969726562,0.10523951053619385,0,0,0,29.0,67.0,0,10,0
8.695166826248169,9915.62890625,105.1600341796875,0.11586273461580276,0,0,0,29.0,66.0,0,10,0
8.722152709960938,9918.4365234375,104.56094360351562,0.11923422664403915,0,0,0,29.0,67.0,0,10,0
8.723935842514038,9918.6259765625,104.88435363769531,0.12319133430719376,0,0,0,29.0,67.0,0,10,0
8.750922679901123,9921.423828125,104.0647964477539,0.1216803789138794,0,0,0,29.0,67.0,0,10,0
8.752723455429077,9921.6171875,104.83536529541016,0.1805594265460968,0,0,0,29.0,67.0,0,10,0
8.779792547225952,9924.4091796875,103.57382202148438,0.15178562700748444,0,0,0,29.0,67.0,0,10,0
8.781711101531982,9924.6103515625,104.61412048339844,0.16901922225952148,0,0,0,29.0,67.0,0,10,0
8.808729887008667,9927.4111328125,103.41838836669922,0.1573716253042221,0,0,0,29.0,67.0,0,10,0
8.81052851676941,9927.603515625,104.42762756347656,0.12991948425769806,0,0,0,29.0,66.0,0,10,0
8.837589263916016,9930.390625,102.81183624267578,0.09351713210344315,0,0,0,29.0,66.0,0,10,0
8.839512586593628,9930.587890625,104.46466827392578,0.11924123764038086,0,0,0,29.0,66.0,0,10,0
8.866586446762085,9933.380859375,102.39618682861328,0.13171027600765228,0,0,0,29.0,67.0,0,10,0
8.868563175201416,9933.5859375,104.33184051513672,0.14283911883831024,0,0,0,29.0,66.0,0,10,0
8.895615577697754,9936.3798828125,102.24320983886719,0.13712771236896515,0,0,0,29.0,67.0,0,10,0
8.897484064102173,9936.5810546875,104.27882385253906,0.15171101689338684,0,0,0,28.5,66.0,0,10,0
8.924591779708862,9939.3662109375,102.15238952636719,0.11114692687988281,0,0,0,29.0,66.0,0,10,0
8.926476955413818,9939.5712890625,104.19539642333984,0.10619565844535828,0,0,0,29.0,67.0,0,10,0
8.95347285270691,9942.3564453125,102.04290008544922,0.1341942548751831,0,0,0,29.0,67.0,0,10,0
8.955362319946289,9942.548828125,104.14085388183594,0.1526954174041748,0,0,0,29.0,66.0,0,10,0
8.98223328590393,9945.341796875,102.1114501953125,0.1619749218225479,0,0,0,29.0,67.0,0,10,0
8.98411250114441,9945.521484375,104.36219787597656,0.15696538984775543,0,0,0,29.0,67.0,0,10,0
9.01101040840149,9948.3125,102.47698211669922,0.17627385258674622,0,0,0,29.0,66.0,0,10,0
9.012935876846313,9948.5087890625,104.49893188476562,0.15567533671855927,0,0,0,29.0,66.0,0,10,0
9.039944410324097,9951.3076171875,102.89083862304688,0.15357479453086853,0,0,0,29.0,67.0,0,10,0
9.041818618774414,9951.50390625,104.88423919677734,0.12499260157346725,0,0,0,29.0,66.0,0,10,0
9.068695306777954,9954.3134765625,103.1690444946289,0.18260371685028076,0,0,0,29.0,66.0,0,10,0
9.0704185962677,9954.494140625,105.09634399414062,0.10311441123485565,0,0,0,29.0,67.0,0,10,0
9.097490072250366,9957.30078125,103.57140350341797,0.12549494206905365,0,0,0,29.0,66.0,0,10,0
9.099371433258057,9957.5029296875,105.4803695678711,0.11515632271766663,0,0,0,29.0,66.0,0,10,0
9.126277208328247,9960.3291015625,103.93399810791016,0.14514590799808502,0,0,0,29.0,66.0,0,10,0
9.128000259399414,9960.515625,106.02412414550781,0.1840520054101944,0,0,0,29.0,66.0,0,10,0
9.154975891113281,9963.3359375,104.11331176757812,0.1691862791776657,0,0,0,29.0,66.0,0,10,0
9.156843662261963,9963.548828125,106.4178466796875,0.16403242945671082,0,0,0,29.0,66.0,0,10,0
9.183780193328857,9966.388671875,105.11333465576172,0.11482067406177521,0,0,0,29.0,66.0,0,10,0
9.186016321182251,9966.6162109375,106.8995361328125,0.1974107027053833,0,0,0,29.0,66.0,0,10,0
9.21290898323059,9969.4853515625,107.39010620117188,0.14240670204162598,0,0,0,29.0,66.0,0,10,0
9.214797973632812,9969.6728515625,106.15631103515625,0.1294844001531601,0,0,0,29.0,66.0,0,10,0
9.241719007492065,9972.552734375,107.70662689208984,0.15741364657878876,0,0,0,29.0,66.0,0,10,0
9.243613004684448,9972.7392578125,105.75218963623047,0.15310680866241455,0,0,0,29.0,66.0,0,10,0
9.270555019378662,9975.638671875,107.77985382080078,0.13771909475326538,0,0,0,29.0,66.0,0,10,0
9.27249002456665,9975.8291015625,105.7915267944336,0.11837533861398697,0,0,0,29.0,66.0,0,10,0
9.299546957015991,9978.740234375,106.68438720703125,0.1521461009979248,0,0,0,29.0,66.0,0,10,0
9.301514148712158,9978.9462890625,108.44792175292969,0.20207172632217407,0,0,0,29.0,66.0,0,10,0
9.328455448150635,9981.8720703125,106.7684555053711,0.13972383737564087,0,0,0,29.0,66.0,0,10,0
9.330271482467651,9982.07421875,109.2216796875,0.13257665932178497,0,0,0,29.0,66.0,0,10,0
9.357317924499512,9984.9951171875,109.87444305419922,0.12203913927078247,0,0,0,29.0,66.0,0,10,0
9.359212636947632,9985.2041015625,108.06659698486328,0.15517032146453857,0,0,0,29.0,66.0,0,10,0
9.386143684387207,9988.1513671875,109.69404602050781,0.17032214999198914,0,0,0,29.0,66.0,0,10,0
9.388060331344604,9988.33984375,107.82701110839844,0.1773683726787567,0,0,0,29.0,66.0,0,10,0
9.415064096450806,9991.29296875,108.15281677246094,0.11612056195735931,0,0,0,29.0,66.0,0,10,0
9.416942119598389,9991.50390625,110.31737518310547,0.13163843750953674,0,0,0,29.0,66.0,0,10,0
9.443959951400757,9994.4599609375,110.65354919433594,0.1194666400551796,0,0,0,29.0,66.0,0,10,0
9.445834875106812,9994.6669921875,109.78482055664062,0.11744573712348938,0,0,0,29.0,66.0,0,10,0
9.472737312316895,9997.6376953125,110.79603576660156,0.1454542875289917,0,0,0,29.0,66.0,0,10,0
9.474662780761719,9997.828125,108.54988098144531,0.13536971807479858,0,0,0,29.0,66.0,0,10,0
9.501657009124756,10000.8212890625,108.88773345947266,0.15256959199905396,0,0,0,29.0,66.0,0,10,0
9.50344705581665,10001.0263671875,111.48213195800781,0.1601654291152954,0,0,0,29.0,66.0,0,10,0
9.530446767807007,10004.005859375,111.82344818115234,0.17227715253829956,0,0,0,29.0,66.0,0,10,0
9.532308578491211,10004.2177734375,109.96101379394531,0.1777425855398178,0,0,0,29.0,66.0,0,10,0
9.559363842010498,10007.203125,110.45658111572266,0.15678325295448303,0,0,0,29.0,66.0,0,10,0
9.56125807762146,10007.4150390625,110.99571990966797,0.1816607415676117,0,0,0,29.0,66.0,0,10,0
9.588061571121216,10010.41796875,111.3982162475586,0.1762842833995819,0,0,0,29.0,66.0,0,10,0
9.589914560317993,10010.611328125,112.40660095214844,0.20317907631397247,0,0,0,28.5,66.0,0,10,0
9.616915464401245,10013.6279296875,112.72209167480469,0.1448923796415329,0,0,0,29.0,66.0,0,10,0
9.618760585784912,10013.830078125,110.22352600097656,0.12907476723194122,0,0,0,29.0,66.0,0,10,0
9.645776510238647,10016.8466796875,110.40031433105469,0.1880340725183487,0,0,0,28.5,66.0,0,10,0
9.6476891040802,10017.0595703125,113.24626922607422,0.1302197426557541,0,0,0,29.0,66.0,0,10,0
9.674673795700073,10020.09375,113.488037109375,0.12594588100910187,0,0,0,29.0,66.0,0,10,0
9.676530599594116,10020.302734375,111.17711639404297,0.15054796636104584,0,0,0,29.0,66.0,0,10,0
9.70346975326538,10023.33984375,111.35437774658203,0.18077687919139862,0,0,0,29.0,66.0,0,10,0
9.705661535263062,10023.5810546875,113.92257690429688,0.17941822111606598,0,0,0,29.0,66.0,0,10,0
9.732720613479614,10026.6357421875,113.86946868896484,0.14123386144638062,0,0,0,29.0,66.0,0,10,0
9.734519720077515,10026.8447265625,111.47177124023438,0.19051004946231842,0,0,0,29.0,66.0,0,10,0
9.761584043502808,10029.896484375,112.01152038574219,0.11215988546609879,0,0,0,29.0,65.0,0,10,0
9.763502359390259,10030.1171875,114.28800201416016,0.18457525968551636,0,0,0,29.0,66.0,0,10,0
9.790468215942383,10033.1787109375,113.54048919677734,0.1889365166425705,0,0,0,29.0,66.0,0,10,0
9.792374849319458,10033.384765625,112.45623779296875,0.14213110506534576,0,0,0,29.0,65.0,0,10,0
9.819584131240845,10036.474609375,114.68273162841797,0.15621712803840637,0,0,0,29.0,66.0,0,10,0
9.821504831314087,10036.697265625,112.90591430664062,0.12130963802337646,0,0,0,29.0,66.0,0,10,0
9.848552227020264,10039.7744140625,112.56376647949219,0.22643111646175385,0,0,0,29.0,66.0,0,10,0
9.85049843788147,10039.994140625,115.3189468383789,0.133912593126297,0,0,0,29.0,66.0,0,10,0
9.877464532852173,10043.0830078125,115.02713012695312,0.1673014611005783,0,0,0,29.0,66.0,0,10,0
9.879260063171387,10043.2861328125,112.77875518798828,0.1499396711587906,0,0,0,29.0,66.0,0,10,0
9.906292200088501,10046.3603515625,112.91878509521484,0.14930179715156555,0,0,0,29.0,65.0,0,10,0
9.90821099281311,10046.58203125,115.31565856933594,0.18180686235427856,0,0,0,29.0,65.0,0,10,0
9.935427188873291,10049.6953125,113.93601989746094,0.12170477956533432,0,0,0,29.0,66.0,0,10,0
9.937206983566284,10049.9072265625,113.67453002929688,0.17124290764331818,0,0,0,29.0,66.0,0,10,0
9.964246273040771,10052.9951171875,115.79712677001953,0.1328384131193161,0,0,0,29.0,66.0,0,10,0
9.966137647628784,10053.21484375,113.6710205078125,0.19852910935878754,0,0,0,29.0,66.0,0,10,0
9.993071556091309,10056.3125,113.45521545410156,0.1944846212863922,0,0,0,29.0,66.0,0,10,0
9.994970560073853,10056.5205078125,115.82178497314453,0.18765507638454437,0,0,0,28.5,66.0,0,10,0
10.02203106880188,10059.626953125,115.84983825683594,0.1505577564239502,0,0,0,29.0,66.0,0,10,0
10.023940324783325,10059.84375,113.11284637451172,0.185398131608963,0,0,0,29.0,66.0,0,10,0
10.050992727279663,10062.9482421875,115.5257339477539,0.21823522448539734,0,0,0,29.0,66.0,0,10,0
10.052894115447998,10063.1796875,115.03880310058594,0.2043095976114273,0,0,0,28.5,65.0,0,10,0
10.079963207244873,10066.2861328125,113.90383911132812,0.15724997222423553,0,0,0,29.0,66.0,0,10,0
10.081856727600098,10066.5029296875,116.1684341430664,0.13345405459403992,0,0,0,29.0,66.0,0,10,0
10.108844518661499,10069.6240234375,116.0547103881836,0.16633641719818115,0,0,0,29.0,66.0,0,10,0
10.110741138458252,10069.82421875,113.65049743652344,0.13407491147518158,0,0,0,29.0,66.0,0,10,0
10.137775182723999,10072.9423828125,115.75985717773438,0.20126868784427643,0,0,0,28.5,66.0,0,10,0
10.139585971832275,10073.1611328125,115.58659362792969,0.13834147155284882,0,0,0,29.0,66.0,0,10,0
10.166647911071777,10076.2705078125,114.05171966552734,0.14184805750846863,0,0,0,29.0,65.0,0,10,0
10.168556213378906,10076.4931640625,116.43362426757812,0.12307475507259369,0,0,0,29.0,66.0,0,10,0
10.195478916168213,10079.6171875,116.57357788085938,0.2100534290075302,0,0,0,29.0,66.0,0,10,0
10.197330474853516,10079.8173828125,113.95604705810547,0.18209335207939148,0,0,0,29.0,66.0,0,10,0
10.22435474395752,10082.9384765625,115.97432708740234,0.18248538672924042,0,0,0,29.0,66.0,0,10,0
10.226131200790405,10083.158203125,116.09002685546875,0.1590421497821808,0,0,0,29.0,66.0,0,10,0
10.253142833709717,10086.263671875,114.32254791259766,0.1326393336057663,0,0,0,29.0,66.0,0,10,0
10.255128860473633,10086.49609375,116.7300796508789,0.11832889914512634,0,0,0,29.0,65.0,0,10,0
