time,MODE,POSITION,VELOCITY,TORQUE,Q_CURRENT,D_CURRENT,POWER,VOLTAGE,TEMPERATURE,FAULT
0.0038514137268066406,0,0.479644775390625,-0.1490917056798935,0.0,8.034029406189802e-07,3.016963773916359e-06,0.0,37.0,31.0,0
0.03161287307739258,10,0.4809417724609375,0.18240511417388916,0.006604893133044243,0.9189273118972778,0.4778320789337158,0.1701585054397583,37.0,31.0,0
0.05928659439086914,10,0.494873046875,0.9755458235740662,0.004739768337458372,0.6594357490539551,0.3491743505001068,0.0651354044675827,37.0,31.0,0
0.08698463439941406,10,0.5267333984375,1.3908060789108276,0.006368567701429129,0.8860477209091187,0.04986369609832764,0.0809515118598938,37.0,31.0,0
0.11455941200256348,10,0.5719451904296875,2.0413594245910645,0.003098199376836419,0.43104708194732666,0.43167781829833984,0.07236769795417786,36.5,31.0,0
0.1421492099761963,10,0.632232666015625,2.4065909385681152,0.026206064969301224,3.6460041999816895,-0.5727645754814148,0.18942631781101227,37.0,31.0,0
0.16973567008972168,10,0.70941162109375,2.666527032852173,0.028334783390164375,3.942169189453125,-0.46206820011138916,1.415565848350525,37.0,31.0,0
0.19732046127319336,10,0.8004150390625,3.2972638607025146,0.027125999331474304,3.7739930152893066,0.5257612466812134,1.3150975704193115,37.0,31.0,0
0.22488760948181152,10,0.9074859619140625,3.8635144233703613,0.03846856951713562,5.352065086364746,-0.8443275690078735,1.47307288646698,37.0,31.0,0
0.25238656997680664,10,1.0290985107421875,5.10582971572876,-0.006489865481853485,-0.9029237031936646,0.13584542274475098,0.026479404419660568,37.0,31.0,0
0.27998852729797363,10,1.1650238037109375,5.096314430236816,0.03982660546898842,5.541006088256836,-0.5046691298484802,1.4527404308319092,37.0,31.0,0
0.3074486255645752,10,1.317962646484375,5.609375,0.05341773480176926,7.431916236877441,0.683785617351532,2.450026512145996,37.0,30.0,0
0.3349881172180176,10,1.485107421875,6.419835567474365,0.00639720493927598,0.8900319933891296,-0.7716611623764038,0.29657381772994995,37.0,31.0,0
0.36244726181030273,10,1.6663360595703125,6.854281425476074,0.04522262513637543,6.291745185852051,0.7857499122619629,2.538170099258423,37.0,31.0,0
0.3899569511413574,10,1.864044189453125,7.101831912994385,0.029799260199069977,4.145919322967529,1.6878666877746582,2.587313652038574,37.0,31.0,0
0.4174463748931885,10,2.076385498046875,7.7562994956970215,0.0536283478140831,7.46121883392334,-0.7081026434898376,3.7766056060791016,37.0,31.0,0
0.4450414180755615,10,2.30413818359375,8.605159759521484,0.004196384456008673,1.2019907236099243,-1.041750192642212,0.4470081329345703,37.0,31.0,0
0.4725780487060547,10,2.547149658203125,8.722336769104004,0.04728872701525688,6.579198360443115,0.9820544719696045,3.7463042736053467,37.0,31.0,0
0.5001192092895508,10,2.8053741455078125,9.963056564331055,0.0011538754915818572,0.16053669154644012,0.5209305286407471,0.015010314993560314,37.0,31.0,0
0.5276288986206055,10,3.0783233642578125,9.763038635253906,0.05367255583405495,7.467369079589844,-0.4734649360179901,5.185136318206787,36.5,30.0,0
0.5551707744598389,10,3.366973876953125,10.845463752746582,0.03002706542611122,4.177613258361816,-0.995226263999939,1.2906980514526367,37.0,31.0,0
0.5826334953308105,10,3.6695098876953125,11.366890907287598,0.035876207053661346,4.99139404296875,0.12013792246580124,2.2268264293670654,36.5,31.0,0
0.610187292098999,10,3.99041748046875,11.867300987243652,0.005018697585910559,0.6982426643371582,0.18605750799179077,0.28158697485923767,36.5,31.0,0
0.6376779079437256,10,4.3212432861328125,12.265849113464355,0.04892458766698837,6.806792736053467,-0.08491336554288864,5.016851902008057,37.0,31.0,0
0.6653625965118408,10,4.6716156005859375,12.697091102600098,0.06148192286491394,8.553873062133789,0.005976909771561623,5.262904167175293,37.0,31.0,0
0.692981481552124,10,5.03997802734375,13.301809310913086,0.029818052425980568,4.148533821105957,-1.43143892288208,2.3833823204040527,37.0,31.0,0
0.7205901145935059,10,5.420623779296875,14.539324760437012,-0.0012297063367441297,-0.17108690738677979,0.3474797010421753,-0.061223577708005905,37.0,31.0,0
0.7480871677398682,10,5.81292724609375,15.008774757385254,0.009297412820160389,1.2935328483581543,0.8039817810058594,0.17889438569545746,37.0,31.0,0
0.775604248046875,10,6.2220458984375,15.222265243530273,0.015312740579247475,2.130434989929199,-0.12823307514190674,1.4290274381637573,37.0,31.0,0
0.8031105995178223,10,6.6478729248046875,15.67626667022705,0.032388459891080856,4.506150245666504,-0.4174504280090332,2.351144552230835,37.0,31.0,0
0.8306393623352051,10,7.0897216796875,16.140377044677734,0.020652787759900093,2.8733863830566406,0.7949274778366089,2.162339448928833,37.0,31.0,0
0.8580923080444336,10,7.54486083984375,16.918739318847656,0.022666359320282936,3.153531074523926,1.3962578773498535,2.0676863193511963,37.0,31.0,0
0.8856914043426514,10,8.014923095703125,17.695472717285156,-0.0006936373538337648,-0.0965045616030693,0.8614374399185181,-0.1533818393945694,37.0,31.0,0
0.9132242202758789,10,8.500198364257812,18.109146118164062,0.0249188132584095,3.4669110774993896,-0.041809119284152985,2.021003246307373,37.0,31.0,0
0.9408440589904785,10,9.002639770507812,18.726320266723633,0.006494378205388784,0.9035515189170837,-0.0034071016125380993,0.6779466867446899,37.0,31.0,0
0.9682602882385254,10,9.520263671875,19.335071563720703,0.007876107469201088,1.0957890748977661,-1.013094425201416,0.7254349589347839,37.0,31.0,0
0.9958233833312988,10,10.049087524414062,19.450864791870117,0.02265571989119053,3.1520509719848633,-0.37216708064079285,2.8747427463531494,37.0,31.0,0
1.02335786819458,10,10.59515380859375,19.743722915649414,0.043502770364284515,6.052464962005615,-2.286898136138916,6.617573261260986,37.0,31.0,0
1.050896167755127,10,11.156723022460938,20.439579010009766,0.037326570600271225,5.193180561065674,0.8585472106933594,4.88572883605957,37.0,31.0,0
1.0784313678741455,10,11.730392456054688,20.822961807250977,0.08487441390752792,11.808429718017578,0.9642385840415955,12.786317825317383,37.0,30.0,0
1.1059494018554688,10,12.32244873046875,21.518997192382812,0.0441068671643734,6.13651180267334,-0.42897161841392517,8.338623046875,37.0,31.0,0
1.1335201263427734,10,12.93048095703125,23.059995651245117,0.0,0.0,0.0,0.25124049186706543,36.5,31.0,0
1.1610925197601318,10,13.554229736328125,23.099851608276367,0.010242801159620285,1.425063133239746,0.8390734195709229,1.0713346004486084,37.0,31.0,0
1.188615322113037,10,14.191452026367188,22.98908805847168,0.06009611487388611,8.361067771911621,-2.661541223526001,9.688604354858398,37.0,31.0,0
1.2161734104156494,10,14.843826293945312,23.921907424926758,0.06806565821170807,9.469856262207031,-1.3621959686279297,10.994685173034668,36.5,31.0,0
1.2437591552734375,10,15.513275146484375,24.508405685424805,0.0513058640062809,7.138095378875732,-0.5709775686264038,8.068138122558594,37.0,31.0,0
1.2713088989257812,10,16.19659423828125,24.363676071166992,0.07610760629177094,10.58871841430664,-1.4197361469268799,15.687363624572754,37.0,32.0,0
1.2989835739135742,10,16.8966064453125,26.141529083251953,0.01288397517055273,1.792525053024292,-0.2587345242500305,1.9035863876342773,37.0,32.0,0
1.326542615890503,10,17.612762451171875,25.78333282470703,0.07544457912445068,10.49647331237793,0.2737600803375244,11.349892616271973,37.0,31.0,0
1.3539643287658691,10,18.340362548828125,27.164159774780273,0.010940542444586754,1.5221385955810547,0.7743973731994629,1.211228847503662,37.0,31.0,0
1.3813507556915283,10,19.08099365234375,27.192543029785156,0.04278860241174698,5.953103542327881,0.14590758085250854,7.424793720245361,37.0,31.0,0
1.4088916778564453,10,19.834976196289062,27.81944465637207,0.040682293474674225,5.6600565910339355,1.743931531906128,7.908177375793457,37.0,32.0,0
1.4368951320648193,10,20.627365112304688,28.04738998413086,0.047161489725112915,6.561496257781982,0.6952126026153564,8.896133422851562,37.0,31.0,0
1.4645111560821533,10,21.412445068359375,29.002094268798828,0.04006757214665413,5.574531555175781,0.5154592990875244,8.007523536682129,37.0,31.0,0
1.49204421043396,10,22.218414306640625,28.72123908996582,0.07983234524726868,11.106935501098633,2.484508752822876,16.864009857177734,37.0,31.0,0
1.519615650177002,10,23.04156494140625,30.198837280273438,0.0208803191781044,2.9050424098968506,-0.1383512318134308,3.5216238498687744,37.0,32.0,0
1.5219578742980957,10,23.114791870117188,29.901859283447266,0.06371656805276871,8.864775657653809,-3.5961575508117676,11.447446823120117,37.0,32.0,0
1.5494146347045898,10,23.939071655273438,30.60946273803711,0.007206370122730732,1.0026097297668457,0.4281783998012543,1.0303723812103271,37.0,32.0,0
1.551814079284668,10,24.008712768554688,30.614437103271484,-0.0014079355169087648,-0.1958836168050766,0.5254325866699219,-0.2771940231323242,36.5,31.0,0
1.5792334079742432,10,24.831222534179688,29.829431533813477,0.04325300082564354,6.017714500427246,1.6231138706207275,9.302915573120117,37.0,32.0,0
1.5816187858581543,10,24.901687622070312,30.501876831054688,0.005186530761420727,0.7215930223464966,-1.5901577472686768,0.9447448253631592,37.0,32.0,0
1.6092402935028076,10,25.731979370117188,29.501266479492188,0.04860200360417366,6.7619123458862305,0.28198105096817017,10.216695785522461,36.5,31.0,0
1.611584186553955,10,25.802230834960938,29.71432876586914,0.0667286291718483,9.283838272094727,0.8029488921165466,12.383030891418457,37.0,31.0,0
1.6391584873199463,10,26.632308959960938,29.454408645629883,0.06111165136098862,8.502357482910156,1.2941466569900513,12.415014266967773,37.0,32.0,0
1.641613245010376,10,26.700927734375,29.509523391723633,0.08054830133914948,11.206544876098633,-2.3201587200164795,16.051246643066406,37.0,32.0,0
1.6691725254058838,10,27.529434204101562,30.33222198486328,0.0041847629472613335,0.5822187662124634,-0.7324122786521912,0.6672265529632568,37.0,32.0,0
1.67159104347229,10,27.60260009765625,29.965181350708008,0.03209535777568817,4.465371131896973,-0.5376823544502258,5.835242748260498,37.0,32.0,0
1.699173927307129,10,28.429412841796875,30.541568756103516,-0.000269163865596056,-0.037448301911354065,0.9852898120880127,-0.08002123981714249,37.0,32.0,0
1.7015674114227295,10,28.503509521484375,30.493223190307617,0.001891902880743146,0.26321715116500854,0.47734445333480835,0.24749061465263367,37.0,32.0,0
1.729207992553711,10,29.32830810546875,29.836362838745117,0.02820400707423687,3.9239745140075684,-1.1664395332336426,6.534173011779785,37.0,31.0,0
1.731710433959961,10,29.404464721679688,30.194793701171875,0.025721855461597443,3.578636884689331,-0.3299573063850403,4.618531227111816,36.5,31.0,0
1.759312391281128,10,30.233688354492188,29.468284606933594,0.07141609489917755,9.935997009277344,3.412909507751465,13.519000053405762,36.5,32.0,0
1.7617590427398682,10,30.306289672851562,29.679086685180664,0.07220788300037384,10.046156883239746,-0.15754419565200806,14.465171813964844,37.0,32.0,0
1.7892992496490479,10,31.1351318359375,29.487825393676758,0.06615238636732101,9.203666687011719,-0.8496784567832947,13.236669540405273,37.0,32.0,0
1.7917401790618896,10,31.20721435546875,29.293161392211914,0.08631708472967148,12.009145736694336,0.7289215922355652,17.53091049194336,36.5,31.0,0
1.819295883178711,10,32.03575134277344,30.3806209564209,-0.0019203451229259372,-0.26717427372932434,1.089228630065918,-0.3166990280151367,37.0,32.0,0
1.8215882778167725,10,32.10877990722656,29.911354064941406,0.03510495275259018,4.884090900421143,-0.46491050720214844,7.529648780822754,37.0,31.0,0
1.8491370677947998,10,32.92927551269531,30.80557632446289,0.0017224192852154374,0.23963719606399536,-0.6817142963409424,-0.18349871039390564,36.5,32.0,0
1.851505994796753,10,33.003692626953125,30.56474494934082,0.003208886133506894,0.4464467465877533,0.106207475066185,0.13919879496097565,37.0,32.0,0
1.8791077136993408,10,33.82688903808594,30.322275161743164,0.014039931818842888,1.9533512592315674,1.4395899772644043,0.6380337476730347,37.0,32.0,0
1.8815407752990723,10,33.90025329589844,30.284387588500977,0.035401444882154465,4.925341606140137,-1.3860480785369873,6.3762030601501465,37.0,32.0,0
1.909130573272705,10,34.728424072265625,29.497665405273438,0.07743839174509048,10.773868560791016,-1.2649173736572266,15.776392936706543,36.5,31.0,0
1.9115931987762451,10,34.80116271972656,29.80780029296875,0.06956014782190323,9.67778205871582,0.7407178282737732,11.580056190490723,37.0,32.0,0
1.9391725063323975,10,35.63117980957031,29.462087631225586,0.051803335547447205,7.207307815551758,0.26757481694221497,12.012968063354492,37.0,32.0,0
1.941467046737671,10,35.70323181152344,29.406099319458008,0.061981942504644394,8.62343978881836,-2.1576919555664062,14.262288093566895,36.5,31.0,0
1.969031810760498,10,36.531982421875,30.52989387512207,0.004091750364750624,0.4359040856361389,-0.16233313083648682,0.41166210174560547,36.5,32.0,0
1.971529483795166,10,36.60142517089844,29.989484786987305,0.027449291199445724,3.818972110748291,-0.8185335397720337,5.203575134277344,37.0,32.0,0
1.9992151260375977,10,37.43157958984375,30.244516372680664,0.012238459661602974,1.7027156352996826,0.7577193975448608,2.6765737533569336,37.0,32.0,0
2.0017142295837402,10,37.50709533691406,30.469568252563477,0.0077447183430194855,1.0775091648101807,-0.9311458468437195,1.197585105895996,37.0,32.0,0
2.0293290615081787,10,38.334564208984375,30.168060302734375,0.047516725957393646,6.61091947555542,0.8136543035507202,6.137696266174316,37.0,32.0,0
2.0316479206085205,10,38.408172607421875,30.26544189453125,0.01179199106991291,1.640599250793457,1.851074457168579,2.6439707279205322,37.0,32.0,0
2.0591375827789307,10,39.23243713378906,29.43970489501953,0.0770818367600441,10.724262237548828,2.655806064605713,15.363943099975586,37.0,32.0,0
2.061551809310913,10,39.3016357421875,29.736175537109375,0.040563859045505524,5.643579006195068,-1.5188703536987305,8.79859733581543,37.0,32.0,0
2.0891315937042236,10,40.13041687011719,29.531686782836914,0.048172976821660995,6.7022223472595215,-1.9866902828216553,9.898075103759766,37.0,32.0,0
2.0915746688842773,10,40.20263671875,29.496780395507812,0.06095973029732704,8.481221199035645,-1.525865077972412,12.466791152954102,36.5,32.0,0
2.1191213130950928,10,41.03094482421875,30.52594757080078,-0.0009662570082582533,-0.13443365693092346,1.4657621383666992,-0.38112717866897583,36.5,32.0,0
2.121481418609619,10,41.10404968261719,30.049213409423828,0.024934902787208557,3.469149589538574,-1.5165376663208008,3.9760680198669434,36.5,32.0,0
2.149089813232422,10,41.927764892578125,30.618431091308594,0.010596013627946377,1.4742048978805542,-1.3130757808685303,1.5805411338806152,37.0,32.0,0
2.151684284210205,10,42.00740051269531,30.727453231811523,-0.001172648393549025,-0.16314853727817535,0.7372850775718689,-0.3753418028354645,36.5,32.0,0
2.1793980598449707,10,42.83758544921875,30.24283218383789,0.02687486819922924,3.739053726196289,-0.6258441805839539,3.642009973526001,36.5,32.0,0
2.1817781925201416,10,42.91001892089844,30.240541458129883,0.048881445080041885,6.800790309906006,-0.9127210974693298,8.017613410949707,37.0,32.0,0
2.2093265056610107,10,43.73445129394531,29.533348083496094,0.05249027907848358,7.302881240844727,0.9443826079368591,12.701410293579102,36.5,32.0,0
2.2116076946258545,10,43.806915283203125,29.52557373046875,0.10449748486280441,14.538553237915039,1.0829322338104248,18.958003997802734,36.5,32.0,0
2.2391037940979004,10,44.63111877441406,29.41575813293457,0.07342156767845154,10.215015411376953,1.152761459350586,15.539477348327637,37.0,32.0,0
2.241485595703125,10,44.70208740234375,29.410429000854492,0.07987843453884125,11.113348007202148,-1.8047690391540527,17.525774002075195,37.0,32.0,0
2.2690341472625732,10,45.52830505371094,30.432897567749023,0.008281421847641468,1.1521798372268677,-0.6073828935623169,0.6146971583366394,37.0,32.0,0
2.271456241607666,10,45.60142517089844,29.894123077392578,0.028629140928387642,3.9831225872039795,-0.7737252712249756,6.205252647399902,37.0,32.0,0
2.2989578247070312,10,46.42680358886719,30.327301025390625,0.009714342653751373,1.3515396118164062,1.2888511419296265,1.474482774734497,37.0,32.0,0
2.301313877105713,10,46.49864196777344,30.54961585998535,0.004038034938275814,0.5618047714233398,-0.1479998528957367,0.2966465651988983,37.0,32.0,0
2.328767776489258,10,47.31974792480469,29.686080932617188,0.0588240921497345,8.184093475341797,-1.7066468000411987,11.148676872253418,37.0,32.0,0
2.331050395965576,10,47.39097595214844,29.95901870727539,0.03460460156202316,5.332475662231445,-2.869523525238037,7.1096296310424805,37.0,31.0,0
2.358551025390625,10,48.21702575683594,29.249370574951172,0.05194078013300896,7.226430416107178,1.19521164894104,11.091279983520508,37.0,32.0,0
2.3609824180603027,10,48.28492736816406,29.61902618408203,0.07705170661211014,10.720069885253906,-2.3969197273254395,14.097108840942383,37.0,32.0,0
2.3885982036590576,10,49.11753845214844,29.831899642944336,0.05016427859663963,6.979268550872803,-2.3128409385681152,9.246841430664062,37.0,32.0,0
2.390967845916748,10,49.18876647949219,29.93164825439453,0.024321090430021286,3.3837509155273438,-2.878462791442871,4.046757698059082,37.0,31.0,0
2.418551445007324,10,50.015167236328125,30.663637161254883,-0.005100153852254152,-0.7095755338668823,0.6971442699432373,-0.553997814655304,37.0,32.0,0
2.4208898544311523,10,50.08744812011719,30.100969314575195,0.004394590388983488,0.6114116907119751,0.5246610641479492,0.7209247350692749,37.0,32.0,0
2.4483726024627686,10,50.91075134277344,30.645832061767578,0.005858233664184809,1.2130200862884521,-1.4149069786071777,1.3494277000427246,37.0,32.0,0
2.4507110118865967,10,50.98162841796875,30.608001708984375,-0.0004926390247419477,-0.06854000687599182,-0.8098989725112915,-0.09682409465312958,36.5,32.0,0
2.4782793521881104,10,51.80366516113281,29.610210418701172,0.08613274991512299,11.983499526977539,1.2873215675354004,16.075210571289062,37.0,32.0,0
2.480764627456665,10,51.87834167480469,29.958511352539062,0.058356378227472305,8.11902141571045,-0.05867868661880493,11.274354934692383,37.0,32.0,0
2.5083117485046387,10,52.706085205078125,29.521587371826172,0.06578558683395386,9.152634620666504,-0.5315022468566895,14.767333984375,37.0,32.0,0
2.510668992996216,10,52.77867126464844,29.909164428710938,0.05483660846948624,7.629322052001953,-1.064028263092041,9.057990074157715,36.5,31.0,0
2.5381619930267334,10,53.605499267578125,30.011438369750977,0.02260541170835495,3.1450514793395996,-0.35390639305114746,4.42176628112793,37.0,32.0,0
2.540435791015625,10,53.67485046386719,29.469133377075195,0.07555147260427475,10.511344909667969,1.0764272212982178,16.62421226501465,37.0,32.0,0
2.567957639694214,10,54.49894714355469,30.405559539794922,0.005580046679824591,0.7763421535491943,-0.33144238591194153,1.0524356365203857,37.0,32.0,0
2.5704078674316406,10,54.5701904296875,30.042707443237305,0.039022862911224365,5.429183006286621,0.969061017036438,6.474469184875488,37.0,32.0,0
2.597952127456665,10,55.39659118652344,30.56624984741211,0.003243478247895837,0.4512594938278198,-0.5328291654586792,0.4305965304374695,37.0,32.0,0
2.6003105640411377,10,55.469207763671875,30.210445404052734,0.018408454954624176,2.561136245727539,-0.32787126302719116,3.7384204864501953,37.0,32.0,0
2.627995491027832,10,56.29608154296875,29.78661346435547,0.0706004723906517,9.822521209716797,-1.6439447402954102,13.536474227905273,37.0,32.0,0
2.6304550170898438,10,56.37077331542969,30.27970314025879,0.04211912304162979,5.859960556030273,-0.3554019331932068,6.624485492706299,36.5,32.0,0
2.6580326557159424,10,57.199615478515625,29.708829879760742,0.06750116497278214,9.391319274902344,-1.6421070098876953,10.373568534851074,37.0,32.0,0
2.66048526763916,10,57.27183532714844,29.72865104675293,0.06563729047775269,9.132001876831055,-1.2707351446151733,12.908729553222656,37.0,32.0,0
2.6880722045898438,10,58.102081298828125,29.96467399597168,0.023598723113536835,3.2832493782043457,-1.0350306034088135,4.373887062072754,37.0,32.0,0
2.690520763397217,10,58.174407958984375,29.691852569580078,0.06052996590733528,8.421428680419922,5.417975425720215,9.988180160522461,36.5,32.0,0
2.7180511951446533,10,59.0029296875,30.71370506286621,-0.0007045107195153832,-0.09801734983921051,0.21261462569236755,0.008254697546362877,37.0,32.0,0
2.7203609943389893,10,59.07403564453125,30.002849578857422,0.01318732462823391,1.834729552268982,0.010921850800514221,2.2833454608917236,36.5,32.0,0
2.7478818893432617,10,59.897064208984375,30.15864372253418,0.014333780854940414,1.9942339658737183,-1.005460500717163,2.893369197845459,37.0,32.0,0
2.7503252029418945,10,59.9681396484375,30.451894760131836,0.0050462475046515465,0.7020756602287292,0.7636382579803467,1.5921778678894043,37.0,32.0,0
2.777844190597534,10,60.79522705078125,29.336790084838867,0.09357018023729324,13.018256187438965,-0.7628012895584106,21.173311233520508,37.0,32.0,0
2.7802743911743164,10,60.86512756347656,30.057889938354492,0.054984115064144135,7.649844169616699,-1.8771880865097046,9.141331672668457,36.5,32.0,0
2.807873249053955,10,61.69685363769531,29.78681755065918,0.035199958831071854,4.897308826446533,-2.2656667232513428,7.347900390625,37.0,32.0,0
2.810279607772827,10,61.76802062988281,29.877111434936523,0.05613202601671219,7.809551239013672,2.4811489582061768,9.749932289123535,37.0,32.0,0
2.837893009185791,10,62.606658935546875,30.498085021972656,0.05062326043844223,7.043126106262207,-0.10542559623718262,9.707368850708008,37.0,32.0,0
2.8655333518981934,10,63.45457458496094,31.722145080566406,-0.0028595051262527704,-0.39783796668052673,-0.9803322553634644,0.02054983749985695,36.5,32.0,0
2.892932891845703,10,64.31770324707031,31.202051162719727,0.08600802719593048,11.966147422790527,-2.929342746734619,20.10700225830078,36.5,32.0,0
2.9204773902893066,10,65.19505310058594,31.7847957611084,0.06251881271600723,8.69813346862793,-3.2428834438323975,13.024316787719727,37.0,32.0,0
2.9480648040771484,10,66.09121704101562,32.71744155883789,0.03298232704401016,4.588773727416992,1.2057039737701416,6.205748558044434,36.5,32.0,0
2.9755735397338867,10,67.00074768066406,33.71137619018555,0.013613453134894371,2.160728693008423,-0.3588613271713257,2.6963534355163574,37.0,32.0,0
3.0031418800354004,10,67.92329406738281,34.07040786743164,0.03898248076438904,5.423564910888672,-2.3964033126831055,8.258855819702148,37.0,32.0,0
3.0305871963500977,10,68.86448669433594,34.39714050292969,0.07657509297132492,10.653759956359863,-3.1815755367279053,17.059982299804688,37.0,32.0,0
3.0581328868865967,10,69.81596374511719,34.348751068115234,0.09721536934375763,13.525404930114746,1.6081209182739258,23.351160049438477,36.5,32.0,0
3.0856173038482666,10,70.78590393066406,34.95764923095703,0.09651913493871689,13.428539276123047,-4.055604457855225,22.604351043701172,36.5,32.0,0
3.1131644248962402,10,71.76950073242188,35.60930252075195,0.08464803546667099,11.776933670043945,4.1422905921936035,19.38908576965332,37.0,33.0,0
3.140662431716919,10,72.7724609375,36.438575744628906,0.07555501163005829,10.511837005615234,-2.0247368812561035,16.50777244567871,37.0,32.0,0
3.1681883335113525,10,73.78720092773438,36.64360046386719,0.0826897993683815,11.504487991333008,-3.721297264099121,22.2263126373291,37.0,32.0,0
3.195786476135254,10,74.81755065917969,37.57933044433594,0.052535101771354675,7.309117317199707,1.2183756828308105,10.429557800292969,37.0,32.0,0
3.223348617553711,10,75.8642578125,38.07125473022461,0.047265831381082535,6.576013088226318,-2.5381076335906982,16.177745819091797,37.0,32.0,0
3.250959634780884,10,76.92753601074219,39.53874969482422,0.021446088328957558,1.8397901058197021,-1.2173488140106201,2.5855631828308105,37.0,32.0,0
3.2785067558288574,10,78.00611877441406,39.74851608276367,0.03446758911013603,4.795415878295898,-0.2827996611595154,7.730965614318848,37.0,32.0,0
3.306030750274658,10,79.09934997558594,39.85039520263672,0.04113587737083435,5.72316312789917,1.6685441732406616,12.160600662231445,37.0,33.0,0
3.333620309829712,10,80.20750427246094,39.92835998535156,0.11587699502706528,16.12176513671875,-0.21495303511619568,28.837604522705078,37.0,32.0,0
3.3611233234405518,10,81.32955932617188,40.81061935424805,0.07614123821258545,10.593398094177246,-2.4872071743011475,19.73699378967285,36.5,33.0,0
3.3887178897857666,10,82.46757507324219,42.22990417480469,0.004043185152113438,0.5625213384628296,-0.5593854188919067,0.7518751621246338,37.0,33.0,0
3.416229248046875,10,83.62165832519531,41.865692138671875,0.04060588777065277,5.649426460266113,1.2593164443969727,10.967543601989746,36.5,32.0,0
3.4436748027801514,10,84.78799438476562,42.19919967651367,0.08385380357503891,11.666433334350586,-5.219561576843262,23.275341033935547,37.0,32.0,0
3.471186637878418,10,85.97329711914062,43.82517623901367,0.02742565982043743,3.8156843185424805,0.4466603696346283,6.055758476257324,37.0,33.0,0
3.4987549781799316,10,87.16925048828125,43.18122482299805,0.09157366305589676,12.740484237670898,4.920608997344971,29.07223892211914,37.0,33.0,0
3.5264666080474854,10,88.38398742675781,44.3437385559082,0.04952923208475113,6.890915870666504,0.9178986549377441,13.281904220581055,37.0,32.0,0
3.5540552139282227,10,89.6241455078125,44.549285888671875,0.04686403647065163,6.520112037658691,1.6174196004867554,13.50655746459961,37.0,33.0,0
3.581577777862549,10,90.86279296875,45.218605041503906,0.049652110785245895,6.9080119132995605,-3.310643196105957,15.772725105285645,37.0,33.0,0
3.609083890914917,10,92.12025451660156,46.06455993652344,0.051509786397218704,7.166467189788818,-3.8180758953094482,11.946269989013672,37.0,32.0,0
3.636620044708252,10,93.39334106445312,46.75352478027344,0.03176361322402954,5.3326215744018555,-2.582448959350586,10.525924682617188,37.0,32.0,0
3.6640498638153076,10,94.68231201171875,46.236968994140625,0.13443532586097717,18.703752517700195,1.247576117515564,39.550724029541016,37.0,33.0,0
3.691533327102661,10,95.98251342773438,48.32184600830078,0.016880635172128677,2.3485734462738037,-1.0156421661376953,3.622528076171875,37.0,33.0,0
3.719123363494873,10,97.29824829101562,47.75535202026367,0.059942577034235,8.339706420898438,-2.8187475204467773,22.707202911376953,37.0,33.0,0
3.7466137409210205,10,98.63764953613281,48.35057830810547,0.07809840887784958,10.86569595336914,3.560314178466797,26.363555908203125,37.0,33.0,0
3.774121046066284,10,99.98442077636719,50.12228775024414,0.01124281994998455,1.5641939640045166,-1.4688541889190674,4.298951625823975,37.0,33.0,0
3.8016104698181152,10,101.3470458984375,49.529014587402344,0.12340974062681198,17.169782638549805,7.462340831756592,31.707988739013672,37.0,33.0,0
3.829137086868286,10,102.72904968261719,49.623199462890625,0.07501661777496338,10.436931610107422,-3.457775831222534,28.591129302978516,37.0,33.0,0
3.856745958328247,10,104.12748718261719,50.930267333984375,0.06018026918172836,8.37277603149414,-4.0723371505737305,18.48143768310547,37.0,33.0,0
3.884268045425415,10,105.53732299804688,52.19412612915039,0.01809488609433174,2.517509937286377,-0.6709854602813721,4.820223808288574,37.0,33.0,0
3.9117791652679443,10,106.96096801757812,52.80744552612305,0.011362863704562187,1.5808954238891602,-0.32526838779449463,2.868762969970703,37.0,33.0,0
3.939368724822998,10,108.40061950683594,52.92580032348633,0.028898783028125763,4.020637512207031,-2.085357666015625,10.586845397949219,37.0,33.0,0
3.9668924808502197,10,109.85926818847656,53.24271774291992,0.03296385332942009,4.586203575134277,-1.009281039237976,10.44170093536377,37.0,33.0,0
3.994445562362671,10,111.33026123046875,53.42176055908203,0.061948470771312714,8.618782997131348,-3.145467519760132,21.071189880371094,37.0,33.0,0
4.021922826766968,10,112.81546020507812,53.614051818847656,0.1302834302186966,18.12610626220703,0.9748892784118652,44.5838623046875,36.5,33.0,0
4.049431085586548,10,114.31434631347656,54.06660079956055,0.12768404185771942,17.76445770263672,-3.401459217071533,48.797828674316406,37.0,33.0,0
4.076916217803955,10,115.82749938964844,54.65129852294922,0.10545305162668228,14.671499252319336,2.643573522567749,36.5482292175293,37.0,33.0,0
4.104471683502197,10,117.3594970703125,55.942813873291016,0.05722155421972275,7.961135387420654,0.8975655436515808,14.936637878417969,37.0,33.0,0
4.1318840980529785,10,118.91015625,56.928184509277344,0.06088414415717125,8.470705032348633,-2.285606861114502,19.58361053466797,37.0,33.0,0
4.159269332885742,10,120.46377563476562,57.740455627441406,0.00780455069616437,1.0858335494995117,-1.64876127243042,2.7397022247314453,37.0,33.0,0
4.1867241859436035,10,122.03439331054688,58.55319595336914,0.007184112910181284,0.9995131492614746,0.740513801574707,2.446685552597046,37.0,33.0,0
4.214207410812378,10,123.62362670898438,57.946475982666016,0.059950049966573715,8.34074592590332,1.505957841873169,20.686954498291016,36.5,33.0,0
4.241681098937988,10,125.22662353515625,57.758060455322266,0.10685168206691742,14.8660888671875,-0.20127229392528534,42.75178909301758,37.0,33.0,0
4.269180536270142,10,126.84254455566406,58.60087585449219,0.1462048441171646,20.341224670410156,4.925804615020752,51.369197845458984,37.0,33.0,0
4.296625375747681,10,128.4817352294922,60.52092742919922,0.024557868018746376,2.122650146484375,-0.9862620234489441,5.117341995239258,37.0,33.0,0
4.324013710021973,10,130.1324005126953,60.451751708984375,0.05445132032036781,7.575717449188232,-3.8096797466278076,19.23919105529785,36.5,33.0,0
4.351434707641602,10,131.78773498535156,59.963191986083984,0.12949171662330627,18.01595687866211,-5.235466957092285,52.34513854980469,37.0,33.0,0
4.378894090652466,10,133.4636993408203,61.61205291748047,0.04643472284078598,6.460381984710693,-2.932819128036499,17.812294006347656,37.0,33.0,0
4.40633749961853,10,135.1597442626953,61.40768814086914,0.09945662319660187,13.837226867675781,3.976346492767334,35.49002456665039,37.0,33.0,0
4.433949947357178,10,136.8670196533203,61.91475296020508,0.13754282891750336,19.13609504699707,-4.449786186218262,50.1058349609375,37.0,33.0,0
4.461449384689331,10,138.6038818359375,63.68434143066406,0.040739696472883224,5.66804313659668,-0.6702055335044861,15.673906326293945,36.5,33.0,0
4.489016532897949,10,140.3418426513672,63.38906478881836,0.12417692691087723,17.276519775390625,6.357256889343262,43.66508102416992,36.5,33.0,0
4.51655650138855,10,142.10755920410156,64.60565948486328,0.035880912095308304,4.992048740386963,0.11529969424009323,18.376197814941406,37.0,34.0,0
4.544120788574219,10,143.88043212890625,64.55635833740234,0.11790284514427185,16.40361785888672,0.3695927858352661,35.96961212158203,37.0,33.0,0
4.57166862487793,10,145.67364501953125,64.38463592529297,0.15963272750377655,22.209423065185547,-0.513299822807312,76.11187744140625,37.0,33.0,0
4.5990869998931885,10,147.47752380371094,66.578857421875,0.02455538883805275,4.063765525817871,-0.35046154260635376,10.400378227233887,37.0,33.0,0
4.626491069793701,10,149.29002380371094,65.61324310302734,0.0940592959523201,13.08630657196045,-7.576645851135254,44.496131896972656,37.0,34.0,0
4.654017686843872,10,151.11849975585938,67.38319396972656,0.059882160276174545,8.331300735473633,-4.608752250671387,20.105072021484375,37.0,34.0,0
4.681536912918091,10,152.96600341796875,68.32899475097656,0.018705938011407852,2.602524518966675,-0.8844860792160034,7.270857810974121,37.0,33.0,0
4.7090160846710205,10,154.82618713378906,67.15984344482422,0.1209603026509285,16.828996658325195,1.7521486282348633,53.64490509033203,37.0,34.0,0
4.7365336418151855,10,156.7069854736328,67.27423858642578,0.2075383961200714,28.87445640563965,-0.15149086713790894,100.09136962890625,37.0,34.0,0
4.76404333114624,10,158.60360717773438,69.6844482421875,0.03971065580844879,5.524874687194824,-1.362741470336914,18.858959197998047,37.0,34.0,0
4.791563510894775,10,160.5126953125,70.61123657226562,0.05323176085948944,7.406042098999023,-1.602475643157959,18.93942642211914,37.0,34.0,0
4.819067001342773,10,162.43690490722656,71.0859375,0.0261912252753973,3.64393949508667,0.9445316791534424,9.150972366333008,37.0,34.0,0
4.846615314483643,10,164.38162231445312,70.58704376220703,0.10340581834316254,14.386672019958496,1.9560765027999878,42.1327018737793,37.0,34.0,0
4.8741278648376465,10,166.33419799804688,70.7657699584961,0.11734337359666824,16.32577896118164,-2.155909538269043,54.44611358642578,36.5,34.0,0
4.901509046554565,10,168.302001953125,71.03981018066406,0.10585400462150574,14.727283477783203,-1.6466492414474487,62.29838562011719,36.5,34.0,0
4.928894281387329,10,170.27615356445312,71.48773193359375,0.1657908409833908,23.066190719604492,0.6942143440246582,78.92310333251953,36.5,34.0,0
4.956289529800415,10,172.27163696289062,72.47826385498047,0.12246448546648026,17.038270950317383,-0.5572236180305481,58.42137908935547,36.5,34.0,0
4.983981370925903,10,174.28411865234375,72.87618255615234,0.1299610137939453,18.081249237060547,-0.5941835045814514,55.337318420410156,36.5,34.0,0
5.011573791503906,10,176.32687377929688,73.55025482177734,0.11112812161445618,15.46106243133545,-7.770540237426758,53.76517868041992,37.0,34.0,0
5.038980960845947,10,178.3728485107422,74.2607421875,0.12756510078907013,17.74791145324707,-0.8864418864250183,62.92644500732422,37.0,34.0,0
5.0664286613464355,10,180.4291229248047,75.63763427734375,0.014940707013010979,2.078674554824829,0.24743232131004333,10.128880500793457,37.0,34.0,0
5.0940001010894775,10,182.50048828125,76.52326965332031,0.012427831068634987,1.729062557220459,-0.20575353503227234,7.074943542480469,37.0,33.0,0
5.121639013290405,10,184.60830688476562,76.59955596923828,0.08293084800243378,11.53802490234375,-0.6590468287467957,43.40815734863281,37.0,34.0,0
5.1492838859558105,10,186.71678161621094,75.88729858398438,0.187907874584198,26.143295288085938,-2.9916234016418457,96.12242889404297,36.5,34.0,0
5.176936626434326,10,188.84661865234375,76.46236419677734,0.20117047429084778,27.98849868774414,9.017202377319336,77.16436767578125,37.0,34.0,0
5.204537391662598,10,190.9955596923828,79.04789733886719,0.019749715924263,2.747743606567383,-3.714160919189453,10.02525520324707,37.0,34.0,0
5.232126712799072,10,193.1552734375,78.5445556640625,0.0902569517493248,12.557292938232422,1.2357356548309326,42.96593475341797,37.0,34.0,0
5.259973764419556,10,195.3426971435547,78.07118225097656,0.1933397501707077,26.899023056030273,4.801785945892334,96.20189666748047,37.0,34.0,0
5.287556171417236,10,197.53448486328125,80.55331420898438,0.030118528753519058,4.190338611602783,-3.029517650604248,15.057743072509766,37.0,34.0,0
5.315102815628052,10,199.73785400390625,79.0888900756836,0.18091736733913422,25.170719146728516,-1.676084041595459,97.97222900390625,37.0,35.0,0
5.342656850814819,10,201.95504760742188,81.80261993408203,0.014372965320944786,1.9996856451034546,-1.8118089437484741,6.505664825439453,37.5,35.0,0
5.370244264602661,10,204.18780517578125,80.66901397705078,0.13544993102550507,18.844913482666016,5.1370439529418945,72.83560180664062,36.5,35.0,0
5.397785902023315,10,206.43421936035156,82.46387481689453,0.02235702984035015,3.110494613647461,0.6447126865386963,15.34225845336914,37.0,35.0,0
5.425319671630859,10,208.6969451904297,81.42045593261719,0.1366269886493683,19.00867462158203,1.177598476409912,78.22135925292969,36.5,35.0,0
5.452965497970581,10,210.9745635986328,83.96022033691406,0.04024514555931091,5.599236965179443,1.7123832702636719,15.05506706237793,37.0,35.0,0
5.480534315109253,10,213.27345275878906,82.33143615722656,0.1939462423324585,26.983402252197266,2.9853014945983887,112.49880981445312,36.5,35.0,0
5.5079381465911865,10,215.5802001953125,84.82339477539062,0.06420102715492249,8.932177543640137,3.5579113960266113,28.14956283569336,37.0,35.0,0
5.5354673862457275,10,217.90069580078125,84.56709289550781,0.08015769720077515,11.152200698852539,-1.9074432849884033,41.21372604370117,37.0,35.0,0
5.563104867935181,10,220.23365783691406,83.92767333984375,0.16978426277637482,23.621788024902344,1.9060537815093994,109.21138000488281,37.0,35.0,0
5.590638160705566,10,222.59255981445312,86.62330627441406,0.024366792291402817,3.3901095390319824,-3.341811180114746,10.312664985656738,37.0,35.0,0
5.618105888366699,10,224.95616149902344,87.27301025390625,0.01585734635591507,2.206204891204834,-1.7227743864059448,9.336360931396484,37.5,35.0,0
5.645611763000488,10,227.3323211669922,85.78648376464844,0.1829891800880432,25.458967208862305,-7.74357795715332,109.23210144042969,37.0,35.0,0
5.673003673553467,10,229.72561645507812,86.19621276855469,0.2073083072900772,28.842443466186523,-11.390536308288574,128.734619140625,36.5,35.0,0
5.700470209121704,10,232.12747192382812,88.35745239257812,0.07313387840986252,10.174989700317383,-6.682536602020264,39.06486511230469,37.0,35.0,0
5.727866888046265,10,234.54971313476562,89.33180236816406,0.0613718181848526,8.538554191589355,0.012972824275493622,24.40920066833496,37.0,35.0,0
5.7554614543914795,10,236.97938537597656,90.08341979980469,0.038559529930353165,5.364720344543457,-2.1969966888427734,17.517305374145508,37.0,35.0,0
5.783016681671143,10,239.4426727294922,90.23271179199219,0.03795168548822403,5.280151844024658,1.9040873050689697,23.11590576171875,37.0,35.0,0
5.8105995655059814,10,241.91676330566406,90.76797485351562,0.09687525033950806,13.478084564208984,-5.818969249725342,49.09868621826172,37.0,35.0,0
5.838160276412964,10,244.40716552734375,90.98322296142578,0.11060402542352676,15.388145446777344,-6.292679786682129,57.58686828613281,37.0,35.0,0
5.865741968154907,10,246.9159393310547,91.79766845703125,0.10663639008998871,14.836135864257812,-6.241652488708496,55.062957763671875,37.0,35.0,0
5.893286228179932,10,249.43421936035156,92.72123718261719,0.01796494610607624,2.499431610107422,-0.10053743422031403,11.04613971710205,37.5,36.0,0
5.920845031738281,10,251.97039794921875,93.63146209716797,0.026094211265444756,3.6304421424865723,0.8497363924980164,12.36959457397461,37.0,35.0,0
5.948436975479126,10,254.52610778808594,93.89383697509766,0.03352530300617218,4.6643171310424805,-5.726099967956543,14.285440444946289,37.0,36.0,0
5.975970029830933,10,257.0922546386719,93.83263397216797,0.0484701544046402,6.743568420410156,-0.6824479103088379,21.610841751098633,37.0,35.0,0
6.003546953201294,10,259.6734619140625,93.47611236572266,0.16107533872127533,22.410131454467773,-2.2513926029205322,108.54994201660156,36.5,36.0,0
6.031114339828491,10,262.26953125,94.00428009033203,0.1642448753118515,22.851102828979492,-0.11541365087032318,98.01295471191406,36.5,35.0,0
6.05865740776062,10,264.8831787109375,93.8101577758789,0.24273830652236938,33.771759033203125,2.373274326324463,127.39386749267578,36.5,36.0,0
6.086105585098267,10,267.50970458984375,96.8849868774414,0.04632199928164482,6.444699287414551,-3.5337114334106445,33.34769058227539,37.0,36.0,0
6.113513469696045,10,270.1373291015625,96.50606536865234,0.0983535572886467,13.683759689331055,-4.33062744140625,58.19964599609375,37.0,36.0,0
6.140928030014038,10,272.781494140625,96.05650329589844,0.18228666484355927,23.945594787597656,-1.69357430934906,106.38150024414062,37.0,35.0,0
6.168468713760376,10,275.43890380859375,98.24208068847656,0.03165418282151222,5.187982082366943,2.3743667602539062,16.11861801147461,37.5,36.0,0
6.196066856384277,10,278.1319580078125,98.12662506103516,0.09146958589553833,12.726004600524902,-7.92317533493042,61.64270782470703,37.0,36.0,0
6.22365927696228,10,280.8359375,96.86180877685547,0.25056037306785583,34.86002731323242,5.817531108856201,162.2466278076172,36.5,36.0,0
6.25120997428894,10,283.5574951171875,100.2702407836914,0.01905323565006256,2.650843620300293,-0.8341495990753174,10.507094383239746,37.0,36.0,0
6.278669357299805,10,286.2891845703125,98.7547836303711,0.17772506177425385,22.34069061279297,-10.277499198913574,113.54459381103516,37.0,36.0,0
6.306241512298584,10,289.0309143066406,101.36377716064453,0.017395544797182083,2.4202117919921875,0.6184940338134766,10.464049339294434,37.0,36.0,0
6.333967924118042,10,291.80145263671875,99.6666259765625,0.22747942805290222,31.64881706237793,-1.4560110569000244,148.49618530273438,37.0,37.0,0
6.361555099487305,10,294.5948181152344,102.09529876708984,0.04497755318880081,6.257648468017578,-1.460423469543457,34.30772399902344,37.0,36.0,0
6.389084577560425,10,297.3865966796875,100.99652862548828,0.1806371659040451,25.13173484802246,4.3114776611328125,108.76558685302734,36.5,36.0,0
6.416686296463013,10,300.19830322265625,101.89140319824219,0.14179196953773499,19.727270126342773,-10.280122756958008,102.08805084228516,37.0,37.0,0
6.4441750049591064,10,303.0269775390625,104.08431243896484,0.01982237957417965,2.7578532695770264,-0.5897530317306519,11.188868522644043,37.0,37.0,0
6.4717302322387695,10,305.8520202636719,101.75091552734375,0.24130478501319885,33.57231521606445,18.02736473083496,136.23707580566406,36.5,37.0,0
6.499311685562134,10,308.71319580078125,102.85194396972656,0.2696180045604706,37.51148223876953,2.738797903060913,187.44180297851562,36.0,37.0,0
6.526845693588257,10,311.5894775390625,105.4299087524414,0.0492086261510849,6.846310615539551,4.708345413208008,24.536117553710938,37.0,37.0,0
6.55449366569519,10,314.47381591796875,105.83029174804688,0.052367109805345535,7.285744667053223,-6.8203959465026855,36.716468811035156,37.0,37.0,0
6.582064628601074,10,317.376953125,104.41835021972656,0.23914401233196259,33.271690368652344,3.539299488067627,159.08248901367188,36.5,37.0,0
6.609802961349487,10,320.31109619140625,105.06472778320312,0.2511523365974426,34.942386627197266,-3.284188985824585,179.19265747070312,36.5,37.0,0
6.637307643890381,10,323.24700927734375,105.58708953857422,0.25072044134140015,34.88229751586914,15.16396713256836,159.50091552734375,36.5,37.0,0
6.664849758148193,10,326.19049072265625,106.84593200683594,0.13594302535057068,18.913516998291016,3.983868360519409,92.23023223876953,36.5,37.0,0
6.692345857620239,10,329.14862060546875,108.1291732788086,0.11607448011636734,16.149240493774414,0.6463797092437744,78.08196258544922,36.5,37.0,0
6.7198522090911865,10,332.11700439453125,109.220947265625,0.11220016330480576,15.610213279724121,-7.041044235229492,72.44731140136719,37.0,37.0,0
6.747439384460449,10,335.10528564453125,110.06450653076172,0.03146202489733696,4.377256870269775,-0.061206281185150146,19.13902473449707,37.5,37.0,0
6.775034189224243,10,338.1124267578125,110.4891357421875,0.09620605409145355,13.384981155395508,-6.507728099822998,73.05899810791016,37.0,37.0,0
6.80259370803833,10,341.1392517089844,110.71659851074219,0.10126595944166183,14.088956832885742,-4.900647163391113,72.02970886230469,37.0,38.0,0
6.830160856246948,10,344.1767578125,110.65806579589844,0.1613912433385849,22.454082489013672,18.946063995361328,71.95164489746094,37.0,38.0,0
6.857692003250122,10,347.2286682128906,109.8910903930664,0.22679857909679413,31.554092407226562,-1.6210901737213135,177.5160675048828,36.5,37.0,0
6.8851447105407715,10,350.2963562011719,110.62590789794922,0.18727843463420868,26.055723190307617,-5.183958053588867,163.24563598632812,36.5,37.0,0
6.912797451019287,10,353.3741455078125,110.80704498291016,0.28107041120529175,39.104835510253906,5.6811676025390625,201.0556182861328,36.0,38.0,0
6.9404168128967285,10,356.479248046875,113.63810729980469,0.0606565847992897,8.409940719604492,-3.131563901901245,41.574466705322266,37.0,38.0,0
6.968039035797119,10,359.5989074707031,114.3698501586914,0.0523337796330452,7.2811079025268555,-8.223939895629883,41.46971893310547,37.0,38.0,0
6.995631456375122,10,362.73553466796875,112.81570434570312,0.2483256608247757,34.54911804199219,-8.940735816955566,205.66094970703125,36.5,38.0,0
7.023070335388184,10,365.8777160644531,112.50961303710938,0.3147934377193451,43.796661376953125,-1.6209900379180908,234.83230590820312,36.0,38.0,0
7.050589084625244,10,369.02618408203125,116.02946472167969,0.04433742165565491,6.168588161468506,-0.3568195104598999,18.444652557373047,37.0,38.0,0
7.078092098236084,10,372.2012939453125,115.16817474365234,0.1811891794204712,25.208534240722656,-8.568527221679688,168.110107421875,36.5,38.0,0
7.105530500411987,10,375.38409423828125,114.78363037109375,0.24793051183223724,34.494140625,11.679794311523438,170.02511596679688,36.5,38.0,0
7.1329381465911865,10,378.573486328125,117.7160873413086,0.06502586603164673,9.04693603515625,0.7399810552597046,55.82097244262695,37.0,39.0,0
7.160385370254517,10,381.7781677246094,116.4071273803711,0.25337648391723633,35.2518310546875,15.577362060546875,160.98239135742188,36.5,39.0,0
7.187811851501465,10,384.9998779296875,118.95991516113281,0.04682175815105438,6.514229774475098,-9.877466201782227,47.94835662841797,37.5,39.0,0
7.215273380279541,10,388.23626708984375,117.58094787597656,0.22845065593719482,31.78394317626953,1.0927677154541016,178.47976684570312,36.5,39.0,0
7.242879390716553,10,391.49688720703125,119.34973907470703,0.059603773057460785,8.292569160461426,-3.5603132247924805,52.302955627441406,37.0,38.0,0
7.270501375198364,10,394.7773132324219,118.57984924316406,0.26234614849090576,36.49976348876953,19.14896011352539,167.88302612304688,36.5,39.0,0
7.298086881637573,10,398.0844421386719,121.20011138916016,0.09338995814323425,12.993182182312012,-1.7092618942260742,62.991539001464844,37.0,39.0,0
7.325683832168579,10,401.3978271484375,119.35639953613281,0.2509540617465973,34.91480255126953,-13.095691680908203,231.03347778320312,37.0,39.0,0
7.353261947631836,10,404.73077392578125,119.92008972167969,0.2625589668750763,36.52937316894531,-15.608688354492188,248.3323974609375,36.5,39.0,0
7.380958795547485,10,408.0836181640625,122.76321411132812,0.08964000642299652,12.471458435058594,0.22692298889160156,54.83064270019531,37.0,39.0,0
7.408483266830444,10,411.44891357421875,122.7542724609375,0.14492741227149963,20.163497924804688,6.170182704925537,71.28590393066406,37.0,40.0,0
7.436086654663086,10,414.8202819824219,121.01156616210938,0.2888856828212738,40.192161560058594,2.250777244567871,243.84249877929688,36.0,39.0,0
7.4636218547821045,10,418.21417236328125,122.4806900024414,0.2851189374923706,39.6681022644043,4.572159767150879,215.23182678222656,36.0,39.0,0
7.491133451461792,10,421.61822509765625,124.93547058105469,0.12427930533885956,17.29076385498047,-1.9101955890655518,86.57563781738281,37.0,40.0,0
7.518650054931641,10,425.02532958984375,125.7287368774414,0.03976171836256981,5.531978607177734,-0.6280567049980164,21.420480728149414,37.0,40.0,0
7.546209335327148,10,428.45281982421875,125.71585845947266,0.13425838947296143,18.679136276245117,4.242046356201172,73.55414581298828,37.0,40.0,0
7.573646068572998,10,431.90374755859375,124.15343475341797,0.32423117756843567,45.109718322753906,-2.6143622398376465,272.51763916015625,36.5,40.0,0
7.601078748703003,10,435.35333251953125,124.6383056640625,0.3270706534385681,45.5047721862793,9.358064651489258,230.76429748535156,36.5,40.0,0
7.628663778305054,10,438.82208251953125,125.06407165527344,0.29496943950653076,41.0385856628418,0.16508083045482635,254.8294677734375,36.5,40.0,0
7.6561384201049805,10,442.31109619140625,126.00275421142578,0.30873245000839233,42.953407287597656,-1.5544517040252686,262.6301574707031,36.0,41.0,0
7.68358039855957,10,445.8101501464844,126.5846176147461,0.3217667043209076,44.766841888427734,5.138124942779541,259.2369079589844,36.0,40.0,0
7.711012840270996,10,449.3187255859375,127.09107971191406,0.29390063881874084,40.88988494873047,-6.6778082847595215,261.94598388671875,36.5,41.0,0
7.738574266433716,10,452.84210205078125,127.20655059814453,0.3723330795764923,51.80205535888672,9.857592582702637,276.6363220214844,36.0,41.0,0
7.76615047454834,10,456.40130615234375,128.3373260498047,0.30574533343315125,42.53781509399414,-15.550308227539062,278.7926330566406,36.0,41.0,0
7.793713092803955,10,459.9721984863281,131.0742645263672,0.09755244106054306,13.572301864624023,-0.1304863691329956,59.45654296875,37.0,41.0,0
7.821247577667236,10,463.55194091796875,131.08522033691406,0.16260506212711334,22.62295913696289,-0.3343238830566406,98.04357147216797,37.0,41.0,0
7.8487327098846436,10,467.15203857421875,131.7105255126953,0.14770521223545074,20.549968719482422,-1.0601840019226074,113.68773651123047,37.0,41.0,0
7.876327037811279,10,470.75970458984375,130.62855529785156,0.27999991178512573,38.955902099609375,8.818357467651367,214.97000122070312,36.5,41.0,0
7.903812885284424,10,474.393310546875,130.8759765625,0.27647700905799866,38.46576690673828,0.7380775809288025,239.39332580566406,36.5,42.0,0
7.931358098983765,10,478.03472900390625,133.7257080078125,0.06277131289243698,8.733263969421387,-1.0262298583984375,47.27649688720703,37.5,42.0,0
7.958838939666748,10,481.68890380859375,132.7515106201172,0.2215631604194641,30.82569694519043,7.049508094787598,160.5515899658203,36.5,42.0,0
7.986437082290649,10,485.3511962890625,132.34934997558594,0.3753954768180847,52.228118896484375,19.906341552734375,287.39556884765625,36.5,42.0,0
8.013998985290527,10,489.04296875,135.28038024902344,0.09310172498226166,12.953081130981445,3.46944522857666,76.11567687988281,37.0,42.0,0
8.041598796844482,10,492.75201416015625,133.82069396972656,0.33641549944877625,46.804901123046875,19.106731414794922,244.96841430664062,36.5,42.0,0
8.06911015510559,10,496.47265625,136.33316040039062,0.11959509551525116,16.639057159423828,-10.390909194946289,110.70478820800781,37.5,43.0,0
8.09678339958191,10,500.21820068359375,135.24301147460938,0.2960161566734314,41.18421173095703,4.067196369171143,242.85235595703125,36.5,42.0,0
8.12436294555664,10,503.96820068359375,137.455810546875,0.11710858345031738,16.293113708496094,-7.473126411437988,92.79188537597656,37.0,43.0,0
8.151944398880005,10,507.7442932128906,136.22434997558594,0.3509264588356018,48.823787689208984,6.994683742523193,296.75384521484375,36.0,43.0,0
8.179566144943237,10,511.53076171875,138.29954528808594,0.1502569019794464,20.90498161315918,-11.71929931640625,144.8490753173828,37.0,43.0,0
8.20703649520874,10,515.3245849609375,136.90003967285156,0.30183014273643494,41.99310302734375,-16.00048065185547,308.078369140625,36.0,43.0,0
8.234465599060059,10,519.1203002929688,139.61984252929688,0.1805374026298523,25.117855072021484,-8.21854019165039,150.22543334960938,37.0,43.0,0
8.26214599609375,10,522.9266357421875,138.8042449951172,0.29917943477630615,41.62431335449219,-13.116479873657227,271.7201232910156,36.5,43.0,0
8.289685487747192,10,526.7958374023438,138.98333740234375,0.2429850846529007,33.80609130859375,-17.394515991210938,275.60479736328125,36.5,43.0,0
8.317225694656372,10,530.6358642578125,141.0880889892578,0.14014631509780884,19.498313903808594,-2.1036510467529297,130.1412353515625,37.0,44.0,0
8.344811916351318,10,534.51171875,141.3890838623047,0.17384949326515198,24.1873779296875,2.1713809967041016,137.346923828125,37.0,43.0,0
8.372337579727173,10,538.4012451171875,140.5590057373047,0.32525578141212463,45.25226974487305,-16.73597526550293,326.52783203125,36.0,44.0,0
8.399911165237427,10,542.2913818359375,140.91925048828125,0.2872256338596344,39.961204528808594,-14.090009689331055,302.22998046875,36.5,44.0,0
8.42746114730835,10,546.2076416015625,142.01971435546875,0.28578925132751465,44.088165283203125,0.255751371383667,291.21514892578125,36.5,44.0,0
8.45498538017273,10,550.1395874023438,143.63046264648438,0.20823262631893158,28.97104263305664,-11.10815715789795,188.96800231933594,37.0,44.0,0
8.48249101638794,10,554.0792236328125,144.08218383789062,0.1968243420124054,27.383827209472656,-9.02898120880127,172.9451141357422,37.0,45.0,0
8.510052919387817,10,558.0341796875,144.95703125,0.11039923876523972,18.697715759277344,0.9069685935974121,108.49147033691406,37.5,45.0,0
8.53754186630249,10,562.01025390625,145.6315155029297,0.16100828349590302,22.400802612304688,-15.64065933227539,153.1928253173828,37.5,45.0,0
8.564930438995361,10,565.9842529296875,146.51388549804688,0.13601475954055786,18.92349624633789,5.9753737449646,114.49994659423828,37.5,45.0,0
8.592345476150513,10,569.9725341796875,146.9439697265625,0.16595907509326935,23.089597702026367,-2.225355625152588,117.88762664794922,37.0,45.0,0
8.61977767944336,10,573.9700927734375,147.766845703125,0.1573510766029358,21.89198112487793,0.759985625743866,115.76190185546875,37.5,45.0,0
8.64721965789795,10,577.9888916015625,148.2183380126953,0.12498422712087631,17.388837814331055,-17.939971923828125,132.44920349121094,37.0,45.0,0
8.674652576446533,10,582.0281982421875,148.1741180419922,0.13136862218379974,18.277088165283203,-1.8077402114868164,112.16370391845703,37.0,45.0,0
8.70205044746399,10,586.0704345703125,148.30636596679688,0.1726457178592682,24.0198974609375,-11.997137069702148,207.75015258789062,37.0,46.0,0
8.72971510887146,10,590.1278076171875,148.61277770996094,0.2399749606847763,33.387298583984375,-14.083211898803711,244.39382934570312,37.0,46.0,0
8.75732135772705,10,594.24609375,147.82522583007812,0.42238545417785645,58.76575469970703,29.479496002197266,283.8569641113281,36.0,46.0,0
8.784794330596924,10,598.3630981445312,148.87754821777344,0.2945643365383148,40.98222351074219,11.179218292236328,250.72296142578125,36.5,46.0,0
8.812397003173828,10,602.4793090820312,151.42369079589844,0.15451692044734955,21.497671127319336,-9.585968017578125,146.8031768798828,37.5,47.0,0
8.839848279953003,10,606.620361328125,150.71923828125,0.29551461338996887,41.11443328857422,3.247664213180542,233.12411499023438,37.0,47.0,0
8.867398023605347,10,610.7628173828125,149.82571411132812,0.3464195430278778,48.196746826171875,12.411139488220215,319.4208984375,35.5,47.0,0
8.89500641822815,10,614.928466796875,152.27468872070312,0.26871803402900696,37.38627243041992,-22.092710494995117,283.2809753417969,36.0,47.0,0
8.922527074813843,10,619.1222534179688,152.27243041992188,0.29832255840301514,41.505096435546875,-4.568422317504883,296.76605224609375,37.0,47.0,0
8.95001769065857,10,623.315673828125,151.90367126464844,0.3328339457511902,46.30660629272461,-12.42839241027832,362.7546691894531,35.0,48.0,0
8.97749137878418,10,627.529296875,154.92832946777344,0.16013363003730774,22.27911376953125,-16.346376419067383,170.86944580078125,38.5,48.0,0
9.005009412765503,10,631.7449951171875,151.59690856933594,0.5298870205879211,73.72225952148438,14.961591720581055,530.8248901367188,35.5,48.0,0
9.032628774642944,10,635.9946899414062,157.0017547607422,0.11306518316268921,15.730562210083008,-19.39948272705078,137.26913452148438,37.0,48.0,0
9.060163497924805,10,640.2596435546875,152.78253173828125,0.38511237502098083,53.580013275146484,16.21462631225586,375.44134521484375,35.5,48.0,0
9.08778691291809,10,644.5394287109375,157.34017944335938,0.20662885904312134,28.747913360595703,-12.446635246276855,199.7650909423828,39.0,49.0,0
9.115316152572632,10,648.833740234375,154.25099182128906,0.3486388027667999,55.76740646362305,2.857567310333252,430.18499755859375,34.0,49.0,0
9.14283037185669,10,653.1380615234375,157.0220489501953,0.3125717043876648,43.48755645751953,-8.120159149169922,323.65643310546875,38.5,49.0,0
9.170339345932007,10,657.4522705078125,158.96249389648438,0.18992400169372559,26.423795700073242,10.647106170654297,126.4100341796875,34.0,49.0,0
9.197824478149414,10,661.7747802734375,155.14251708984375,0.47311633825302124,65.8238525390625,46.241878509521484,264.13232421875,34.5,50.0,0
9.22525405883789,10,666.117919921875,159.66709899902344,0.30489370226860046,42.41933059692383,-3.8472108840942383,295.9362487792969,39.0,50.0,0
9.252649545669556,10,670.4580078125,160.74131774902344,0.12632833421230316,17.575841903686523,-16.133106231689453,139.0723876953125,33.5,50.0,0
9.280139923095703,10,674.818359375,156.96177673339844,0.4312402904033661,59.997711181640625,4.287672996520996,469.59112548828125,33.5,50.0,0
9.307603597640991,10,679.2011108398438,158.0950469970703,0.204729363322258,28.483640670776367,-14.101383209228516,598.238037109375,14.0,50.0,0
9.334996461868286,1,683.40087890625,146.20529174804688,0.0,-0.27029937505722046,0.06949476897716522,0.0,44.5,50.0,34
9.362546443939209,1,687.22802734375,133.36766052246094,0.0,-0.11537174880504608,-0.08296628296375275,0.0,44.0,51.0,34
9.390056371688843,1,690.7525634765625,122.04029083251953,0.0,0.21211060881614685,-0.24849319458007812,0.0,42.5,51.0,34
9.41760540008545,1,694.0037841796875,115.11009979248047,0.0,0.17199170589447021,0.15884315967559814,0.0,41.5,51.0,34
9.445107460021973,1,697.016845703125,107.412109375,0.0,0.11661097407341003,0.2677217423915863,0.0,40.5,51.0,34
9.472646713256836,1,699.8173828125,97.15535736083984,0.0,0.20092903077602386,0.37599724531173706,0.0,39.5,52.0,34
9.500157833099365,1,702.4349975585938,92.32524108886719,0.0,-0.2510395050048828,-0.13324888050556183,0.0,38.0,52.0,34
9.527696132659912,1,704.8829345703125,85.65068817138672,0.0,-0.3347695767879486,0.0209503173828125,0.0,37.0,52.0,34
9.555207252502441,1,707.182861328125,80.63800811767578,0.0,0.03738432377576828,0.18226556479930878,0.0,36.5,52.0,34
9.582629680633545,1,709.3397216796875,75.39546203613281,0.0,0.1636991649866104,0.10346890985965729,0.0,37.0,52.0,34
9.610020875930786,1,711.3649291992188,71.15238952636719,0.0,0.1018131673336029,0.18918737769126892,0.0,37.0,53.0,34
9.637444496154785,1,713.2734375,67.03642272949219,0.0,-0.1233096569776535,-0.2560681700706482,0.0,36.5,52.0,34
9.664923906326294,1,715.0716552734375,64.53853607177734,0.0,-0.2446313500404358,-0.02715875208377838,0.0,36.5,53.0,34
9.692418098449707,1,716.7637939453125,59.117576599121094,0.0,0.18022632598876953,-0.07086393237113953,0.0,37.0,53.0,34
9.719978332519531,1,718.3721923828125,56.61268997192383,0.0,-0.04051739349961281,0.23058772087097168,0.0,37.0,53.0,34
9.747502326965332,1,719.887939453125,53.859413146972656,0.0,-0.21441617608070374,-0.09401100128889084,0.0,37.0,53.0,34
9.774966955184937,1,721.3187866210938,50.01884460449219,0.0,0.08586010336875916,0.035813696682453156,0.0,37.0,53.0,34
9.802520275115967,1,722.6685180664062,47.18289566040039,0.0,-0.1748196929693222,-0.08331435918807983,0.0,37.0,53.0,34
9.829914093017578,1,723.9431762695312,45.58391571044922,0.0,0.14184194803237915,0.008653518743813038,0.0,37.0,53.0,34
9.857371807098389,1,725.1387329101562,42.20772933959961,0.0,0.04126846417784691,-0.034377023577690125,0.0,37.0,53.0,34
9.884941816329956,1,726.267578125,39.953128814697266,0.0,-0.07246877253055573,-0.05833403766155243,0.0,36.5,54.0,34
9.91237759590149,1,727.333740234375,37.01422882080078,0.0,0.17533445358276367,0.08222562074661255,0.0,37.0,53.0,34
9.939910173416138,1,728.3329467773438,35.333866119384766,0.0,2.7655805423520974e-10,-1.902633162131906e-09,0.0,36.5,53.0,34
9.967450141906738,1,729.2753295898438,32.90671920776367,0.0,0.042162977159023285,-0.13570675253868103,0.0,37.0,54.0,34
9.994964122772217,1,730.1589965820312,30.723608016967773,0.0,0.07013292610645294,-0.061122503131628036,0.0,37.0,54.0,34
10.022480964660645,1,730.9853515625,29.794782638549805,0.0,0.1718619465827942,0.07128696143627167,0.0,37.0,53.0,34
10.049866199493408,1,731.757080078125,26.58011817932129,0.0,0.18170037865638733,0.040041059255599976,0.0,37.0,53.0,34
10.077360391616821,1,732.4742431640625,25.587547302246094,0.0,-0.0628151074051857,-0.12746882438659668,0.0,37.0,53.0,34
10.104898452758789,1,733.1473388671875,23.48676872253418,0.0,0.1378670185804367,0.03444898501038551,0.0,37.0,53.0,34
10.132439374923706,1,733.7711181640625,21.435836791992188,0.0,0.10475972294807434,0.023766500875353813,0.0,37.0,54.0,34
10.159859418869019,1,734.3508911132812,20.51877784729004,0.0,0.1851707547903061,0.01816924475133419,0.0,37.0,54.0,34
10.187381267547607,1,734.8848266601562,18.76454734802246,0.0,-0.14202041923999786,-0.004922519437968731,0.0,37.0,54.0,34
10.214863300323486,1,735.3804931640625,17.067819595336914,0.0,0.08020712435245514,0.117306649684906,0.0,37.0,53.0,34
10.24236512184143,1,735.83544921875,15.613383293151855,0.0,-0.11609964072704315,0.08194447308778763,0.0,37.0,53.0,34
10.269933223724365,1,736.2550048828125,14.353271484375,0.0,-0.1417350471019745,-0.010257379151880741,0.0,37.0,53.0,34
10.297409534454346,1,736.6409912109375,13.399980545043945,0.0,-0.11794447898864746,0.07926623523235321,0.0,37.0,53.0,34
10.32493782043457,1,736.9912109375,12.37263298034668,0.0,0.10739682614803314,0.00231726560741663,0.0,37.0,54.0,34
10.352409839630127,1,737.310791015625,11.385336875915527,0.0,0.15164819359779358,-0.06993325054645538,0.0,37.0,53.0,34
10.379971742630005,1,737.603515625,10.163443565368652,0.0,0.022403812035918236,0.10505960881710052,0.0,36.5,53.0,34
10.407464981079102,1,737.8654174804688,8.941338539123535,0.0,-0.24579118192195892,-0.012992333620786667,0.0,37.0,53.0,34
10.43493103981018,1,738.106689453125,8.259634017944336,0.0,0.08724947273731232,-0.062665656208992,0.0,37.0,53.0,34
10.462328910827637,1,738.3198852539062,7.789767742156982,0.0,0.09782561659812927,-0.10307376831769943,0.0,37.0,52.0,34
10.489752531051636,1,738.5134887695312,6.780758380889893,0.0,-0.11659421026706696,-0.15462547540664673,0.0,37.0,53.0,34
10.517215490341187,1,738.6854248046875,5.936625957489014,0.0,-0.12107958644628525,-0.10631784051656723,0.0,37.0,53.0,34
10.544721364974976,1,738.838623046875,5.291520595550537,0.0,-0.1540711224079132,0.25630638003349304,0.0,37.0,53.0,34
10.572223424911499,1,738.9765625,4.66376256942749,0.0,0.09263025224208832,-0.008615602739155293,0.0,36.5,53.0,34
10.599817037582397,1,739.0985107421875,4.043534278869629,0.0,0.002871302654966712,-0.09298568964004517,0.0,37.0,53.0,34
10.627358198165894,1,739.2032470703125,3.5961978435516357,0.0,-0.06797527521848679,0.12479344010353088,0.0,37.0,53.0,34
10.654781341552734,1,739.2935791015625,3.2869277000427246,0.0,-0.08035958558320999,-0.046871334314346313,0.0,37.0,52.0,34
10.682301759719849,1,739.3705444335938,2.6954381465911865,0.0,0.26151764392852783,0.06107444316148758,0.0,37.0,52.0,34
10.709696292877197,1,739.436767578125,2.057561159133911,0.0,-0.03036181628704071,0.04430603235960007,0.0,37.0,52.0,34
10.737460613250732,1,739.493408203125,1.9452755451202393,0.0,-0.013355677947402,-0.09206634014844894,0.0,37.0,52.0,34
10.765821933746338,1,739.5404052734375,1.5710086822509766,0.0,0.17592239379882812,-0.08095995336771011,0.0,36.5,52.0,34
10.79343318939209,1,739.5750122070312,1.242944598197937,0.0,0.1933823674917221,-0.010318504646420479,0.0,37.0,52.0,34
10.821111679077148,1,739.6051025390625,1.1440623998641968,0.0,-0.03088291361927986,0.08775435388088226,0.0,37.0,52.0,34
10.84885549545288,1,739.6234130859375,0.12517613172531128,0.0,0.08708645403385162,0.032719071954488754,0.0,37.0,52.0,34
10.8763267993927,1,739.62744140625,0.014908418990671635,0.0,-0.07667037099599838,0.05269009992480278,0.0,37.0,52.0,34
10.904016971588135,1,739.623291015625,-0.2805051803588867,0.0,0.04984809085726738,0.133076012134552,0.0,37.0,52.0,34
10.931650876998901,1,739.6188354492188,-0.3799002170562744,0.0,0.03983969986438751,-0.016471942886710167,0.0,37.0,52.0,34
10.959355354309082,1,739.6063232421875,-0.3899603486061096,0.0,-0.03309338539838791,0.08694487810134888,0.0,37.0,51.0,34
10.986969232559204,1,739.5980224609375,0.06288861483335495,0.0,0.018386663869023323,0.19278255105018616,0.0,36.5,51.0,34
11.014564752578735,1,739.603271484375,0.10285749286413193,0.0,-0.01537831500172615,0.1412712186574936,0.0,37.0,51.0,34
11.042159080505371,1,739.6075439453125,0.13716396689414978,0.0,0.24120686948299408,0.04900343343615532,0.0,36.5,51.0,34
11.069799423217773,1,739.60595703125,-0.14514747262001038,0.0,0.03572319075465202,0.2118527591228485,0.0,37.0,51.0,34
11.097412586212158,1,739.6049194335938,-0.003434572136029601,0.0,-0.04060433804988861,0.03515885770320892,0.0,37.0,51.0,34
11.125010967254639,1,739.6058349609375,0.03174517676234245,0.0,-0.02309500426054001,0.1402163803577423,0.0,37.0,51.0,34
11.152618885040283,1,739.6053466796875,-0.06897489726543427,0.0,0.009619045071303844,0.05284254252910614,0.0,37.0,51.0,34
11.180253028869629,1,739.6054077148438,-0.11394347995519638,0.0,0.07930096983909607,0.1766764372587204,0.0,37.0,51.0,34
11.207936763763428,1,739.60546875,-0.06255940347909927,0.0,-0.05366289243102074,0.22788742184638977,0.0,37.0,50.0,34
11.235450267791748,1,739.6055297851562,0.15023595094680786,0.0,-0.02217274159193039,0.14036515355110168,0.0,37.0,51.0,34
11.263072729110718,1,739.60546875,-0.07505888491868973,0.0,-0.1136101633310318,0.15683084726333618,0.0,37.0,51.0,34
11.29066252708435,1,739.6054077148438,-0.04515007138252258,0.0,-0.021784527227282524,0.14042603969573975,0.0,37.0,51.0,34
11.31818413734436,1,739.6056518554688,0.17378965020179749,0.0,0.100939080119133,0.03675249218940735,0.0,37.0,50.0,34
11.345748662948608,1,739.60546875,-0.022861508652567863,0.0,0.018988482654094696,0.10573023557662964,0.0,37.0,50.0,34
11.373305797576904,1,739.605712890625,0.1817110776901245,0.0,0.018514640629291534,0.10581421107053757,0.0,37.0,51.0,34
11.400893449783325,1,739.6053466796875,-0.1846640706062317,0.0,-0.021555650979280472,0.14046123623847961,0.0,37.0,50.0,34
11.428321123123169,1,739.6056518554688,0.22321617603302002,0.0,3.0170532738793554e-09,-2.350275307705374e-09,0.0,37.0,50.0,34
11.455813646316528,1,739.6055908203125,0.14150163531303406,0.0,0.018764186650514603,0.10577024519443512,0.0,36.5,50.0,34
11.483413457870483,1,739.6055908203125,0.19710250198841095,0.0,0.08803244680166245,0.22985295951366425,0.0,36.5,50.0,34
11.510855913162231,1,739.6054077148438,-0.04909548908472061,0.0,0.11069371551275253,0.08911184966564178,0.0,37.0,50.0,34
11.538465023040771,1,739.60546875,-0.07909456640481949,0.0,-0.021900175139307976,0.140407994389534,0.0,37.0,50.0,34
11.565920352935791,1,739.6055297851562,0.11412297934293747,0.0,0.05994873493909836,0.07113879173994064,0.0,37.0,50.0,34
11.593594551086426,1,739.6053466796875,-0.10526861250400543,0.0,-0.11324010789394379,0.1570982187986374,0.0,36.5,49.0,34
11.621097564697266,1,739.6055297851562,0.051233116537332535,0.0,0.05051092803478241,0.018262147903442383,0.0,37.0,50.0,34
11.648864984512329,1,739.6055908203125,0.05448603630065918,0.0,-0.03166133165359497,0.08747651427984238,0.0,37.0,50.0,34
11.676275491714478,1,739.6054077148438,-0.059878233820199966,0.0,0.060177501291036606,0.07094544172286987,0.0,37.0,50.0,34
11.703810214996338,1,739.60546875,-0.09303981810808182,0.0,0.17059451341629028,0.16034279763698578,0.0,37.0,49.0,34
11.73147702217102,1,739.6055908203125,0.037077076733112335,0.0,0.03753802925348282,0.2115388810634613,0.0,36.5,48.0,34
11.759280920028687,1,739.60546875,0.01692705787718296,0.0,0.07917624711990356,0.17673227190971375,0.0,36.5,49.0,34
11.786820411682129,1,739.6052856445312,-0.17141102254390717,0.0,0.17124095559120178,0.1596524715423584,0.0,37.0,49.0,34
11.814355373382568,1,739.6053466796875,-0.17117014527320862,0.0,-0.03124484419822693,0.0876261442899704,0.0,37.0,49.0,34
11.841800689697266,1,739.6055908203125,0.05903421342372894,0.0,0.05991292744874954,0.07116899639368057,0.0,37.0,49.0,34
11.869254350662231,1,739.6054077148438,-0.07674515247344971,0.0,-0.10375930368900299,0.20987233519554138,0.0,37.0,48.0,34
11.896830081939697,1,739.6055297851562,-0.05228783190250397,0.0,0.05999457836151123,0.07110011577606201,0.0,36.5,49.0,34
11.924295425415039,1,739.6055297851562,0.025390684604644775,0.0,-0.03159959614276886,0.08749882876873016,0.0,36.5,49.0,34
11.951834917068481,1,739.60546875,-0.08448585122823715,0.0,0.06954459846019745,0.12392568588256836,0.0,37.0,48.0,34
11.979347944259644,1,739.60546875,0.019908804446458817,0.0,-0.031529493629932404,0.08752414584159851,0.0,37.0,49.0,34
12.0069100856781,1,739.6052856445312,-0.1586102545261383,0.0,-0.0818520337343216,0.06956787407398224,0.0,37.0,48.0,34
12.034447193145752,1,739.6052856445312,-0.25240275263786316,0.0,0.029209626838564873,0.15846306085586548,0.0,37.0,48.0,34
12.06196403503418,1,739.60546875,-0.027800612151622772,0.0,0.161103293299675,0.10746592283248901,0.0,37.0,48.0,34
12.089512348175049,1,739.60546875,-0.1018647700548172,0.0,0.11066656559705734,0.08914565294981003,0.0,37.0,48.0,34
12.11705732345581,1,739.60546875,-0.03960740938782692,0.0,-0.0410260334610939,0.03466592729091644,0.0,37.0,48.0,34
12.14456033706665,1,739.60546875,-0.02439703978598118,0.0,-0.1516076922416687,-0.05457887798547745,0.0,37.0,49.0,34
12.172057628631592,1,739.6053466796875,-0.08050990104675293,0.0,0.1107783168554306,0.08900658786296844,0.0,37.0,48.0,34
12.19955563545227,1,739.6052856445312,-0.22183121740818024,0.0,-0.07201886177062988,0.12250428646802902,0.0,37.0,48.0,34
12.227019786834717,1,739.6054077148438,0.012318983674049377,0.0,-0.03140391409397125,0.08756925910711288,0.0,37.0,48.0,34
12.254524230957031,1,739.6055908203125,0.050510767847299576,0.0,0.16091980040073395,0.10774053633213043,0.0,36.5,48.0,34
12.281988859176636,1,739.6055297851562,0.0180117879062891,0.0,-0.08214977383613586,0.19123868644237518,0.0,37.0,48.0,34
12.309418678283691,1,739.60546875,-0.07418441772460938,0.0,-0.04100947827100754,0.03468548506498337,0.0,36.5,48.0,34
12.336887121200562,1,739.6053466796875,-0.12653234601020813,0.0,0.009665202349424362,0.05283413082361221,0.0,37.0,48.0,34
12.364428520202637,1,739.6056518554688,0.177555650472641,0.0,-0.0823197066783905,0.0690138190984726,0.0,37.0,48.0,34
12.391927480697632,1,739.6054077148438,-0.1146048977971077,0.0,0.06979691982269287,0.12378381192684174,0.0,36.5,47.0,34
12.419501543045044,1,739.60546875,-0.030360234901309013,0.0,-0.053456805646419525,0.2279357612133026,0.0,37.0,48.0,34
12.447148323059082,1,739.6053466796875,-0.22011394798755646,0.0,-0.07216040045022964,0.12242095172405243,0.0,37.0,47.0,34
12.474640369415283,1,739.6055297851562,0.010120585560798645,0.0,-0.06321125477552414,0.17499342560768127,0.0,37.0,47.0,34
12.50206184387207,1,739.6055908203125,0.031505487859249115,0.0,-0.08220762014389038,0.06914731115102768,0.0,37.0,48.0,34
12.52963900566101,1,739.6056518554688,0.1625259816646576,0.0,0.02792939357459545,0.1586936116218567,0.0,36.5,47.0,34
12.55715012550354,1,739.6053466796875,-0.14520642161369324,0.0,-0.040937021374702454,0.03477098047733307,0.0,36.5,47.0,34
12.584772825241089,1,739.6055297851562,0.08909424394369125,0.0,0.00943654403090477,0.052875444293022156,0.0,37.0,47.0,34
12.612399578094482,1,739.6056518554688,0.14879122376441956,0.0,0.009317667223513126,0.052896492183208466,0.0,37.0,47.0,34
12.639994382858276,1,739.60546875,0.028734296560287476,0.0,-0.01252174936234951,0.19325220584869385,0.0,37.0,47.0,34
12.667560338973999,1,739.6055297851562,0.11550891399383545,0.0,-0.022197989746928215,0.1403612494468689,0.0,36.5,47.0,34
12.69512939453125,1,739.6055297851562,0.022860994562506676,0.0,0.0,0.0,0.0,37.0,47.0,34
12.722604990005493,1,739.60546875,-0.06096185743808746,0.0,0.11060288548469543,0.08922451734542847,0.0,37.0,47.0,34
12.750091075897217,1,739.6054077148438,-0.057166799902915955,0.0,-0.03142433613538742,0.08756200969219208,0.0,37.0,47.0,34
12.77783203125,1,739.6054077148438,0.038041431456804276,0.0,0.01912357658147812,0.10570593178272247,0.0,37.0,46.0,34
12.805376052856445,1,739.6053466796875,-0.16273623704910278,0.0,0.06029024347662926,0.07084956020116806,0.0,37.0,46.0,34
12.832894563674927,1,739.6055297851562,0.020120175555348396,0.0,-0.06323334574699402,0.17498551309108734,0.0,37.0,47.0,34
12.860387086868286,1,739.6055908203125,0.2160484790802002,0.0,0.059837426990270615,0.07123249769210815,0.0,37.0,47.0,34
12.887865781784058,1,739.6053466796875,-0.2080661505460739,0.0,0.029035519808530807,0.15849503874778748,0.0,37.0,47.0,34
12.915395021438599,1,739.6055908203125,0.19171178340911865,0.0,0.059842318296432495,0.07122840732336044,0.0,37.0,46.0,34
12.943021059036255,1,739.6055297851562,0.10050960630178452,0.0,0.05998024344444275,0.07111230492591858,0.0,37.0,46.0,34
12.970496416091919,1,739.60546875,-0.01924627088010311,0.0,0.06000327691435814,0.07109281420707703,0.0,36.5,46.0,34
12.998003244400024,1,739.6055908203125,0.10966579616069794,0.0,-0.022234898060560226,0.14035537838935852,0.0,36.5,46.0,34
13.025618314743042,1,739.6053466796875,-0.13743585348129272,0.0,-0.07224448025226593,0.12237140536308289,0.0,37.0,46.0,34
13.053180932998657,1,739.6054077148438,-0.050871968269348145,0.0,0.019192524254322052,0.10569339990615845,0.0,36.5,46.0,34
13.080803155899048,1,739.6055908203125,0.10334078222513199,0.0,0.028085127472877502,0.15866631269454956,0.0,37.0,46.0,34
13.108302354812622,1,739.6054077148438,-0.05764871463179588,0.0,0.11068253219127655,0.08912579715251923,0.0,37.0,46.0,34
13.135897874832153,1,739.6055297851562,0.0409930981695652,0.0,-0.13262854516506195,0.051026444882154465,0.0,37.0,46.0,34
13.163480281829834,1,739.6053466796875,-0.12327933311462402,0.0,-0.021633384749293327,0.14044931530952454,0.0,37.0,46.0,34
13.191078424453735,1,739.6054077148438,-0.07707586139440536,0.0,-0.0915364921092987,0.016603048890829086,0.0,37.0,46.0,34
13.218952894210815,1,739.6056518554688,0.2556859254837036,0.0,0.07832895964384079,0.17710939049720764,0.0,37.0,46.0,34
13.24658727645874,1,739.6055297851562,0.06587190181016922,0.0,0.037752628326416016,0.21150058507919312,0.0,37.0,46.0,34
13.27419400215149,1,739.60546875,-0.047287680208683014,0.0,0.018981628119945526,0.10573147237300873,0.0,37.0,46.0,34
13.30187439918518,1,739.6053466796875,-0.08933466672897339,0.0,-0.0409526601433754,0.03475254029035568,0.0,37.0,46.0,34
13.329477787017822,1,739.6054077148438,-0.09343095868825912,0.0,0.11072637140750885,0.08907130360603333,0.0,37.0,46.0,34
13.356956720352173,1,739.605712890625,0.2087896317243576,0.0,-0.07314085960388184,0.12183777987957001,0.0,37.0,46.0,34
13.384419202804565,1,739.6055297851562,0.044727858155965805,0.0,0.06941220909357071,0.12399997562170029,0.0,37.0,45.0,34
13.412004947662354,1,739.6054077148438,-0.11951466649770737,0.0,0.12027101963758469,0.1419619619846344,0.0,37.0,46.0,34
13.439495325088501,1,739.6055297851562,0.008102214895188808,0.0,-0.04428882896900177,0.2807394564151764,0.0,37.0,46.0,34
13.46714735031128,1,739.6054077148438,-0.17186276614665985,0.0,-0.07230424880981445,0.12233613431453705,0.0,36.5,46.0,34
13.494786500930786,1,739.60546875,-0.03144485503435135,0.0,0.018977198749780655,0.10573224723339081,0.0,36.5,45.0,34
13.522375345230103,1,739.6055297851562,0.061654768884181976,0.0,0.07892671972513199,0.17684386670589447,0.0,37.0,46.0,34
13.549935579299927,1,739.6055297851562,-0.016355184838175774,0.0,-0.04103592038154602,0.03465418145060539,0.0,37.0,45.0,34
13.577492475509644,1,739.6055908203125,0.2200237661600113,0.0,-0.03177148103713989,0.08743664622306824,0.0,36.5,45.0,34
13.60496187210083,1,739.60546875,-0.0012051754165440798,0.0,-0.08206471800804138,0.0693168193101883,0.0,36.5,45.0,34
13.632577180862427,1,739.6054077148438,-0.0813535749912262,0.0,0.0,0.0,0.0,37.0,45.0,34
13.66016936302185,1,739.6055297851562,0.11361074447631836,0.0,0.11989910900592804,0.1422763168811798,0.0,37.0,45.0,34
13.687819719314575,1,739.6054077148438,-0.02442747913300991,0.0,0.0191643126308918,0.10569851845502853,0.0,37.0,45.0,34
13.715360403060913,1,739.60546875,0.12897199392318726,0.0,0.07905082404613495,0.17678843438625336,0.0,37.0,45.0,34
13.742840051651001,1,739.60546875,-0.04180622473359108,0.0,0.03802536055445671,0.21145173907279968,0.0,37.0,45.0,34
13.770278453826904,1,739.6055908203125,0.11291839182376862,0.0,0.028183799237012863,0.15864874422550201,0.0,36.5,45.0,34
13.79782485961914,1,739.60546875,-0.09102162718772888,0.0,0.009539622813463211,0.0528569333255291,0.0,37.0,45.0,34
13.825330018997192,1,739.6055908203125,0.07803990691900253,0.0,0.06933365017175674,0.12404382228851318,0.0,37.0,45.0,34
13.85282278060913,1,739.6055908203125,0.13198412954807281,0.0,0.11968301236629486,0.1424582153558731,0.0,37.0,45.0,34
13.880369663238525,1,739.60546875,-0.07343192398548126,0.0,0.07916074246168137,0.17673920094966888,0.0,37.0,44.0,34
13.907987356185913,1,739.6054077148438,-0.07322116196155548,0.0,0.16131046414375305,0.10715478658676147,0.0,37.0,45.0,34
13.935453653335571,1,739.6054077148438,-0.04204743355512619,0.0,0.009564803913235664,0.05285242199897766,0.0,36.5,45.0,34
13.962921619415283,1,739.6054077148438,-0.20122966170310974,0.0,0.019194114953279495,0.10569314658641815,0.0,37.0,45.0,34
13.99044919013977,1,739.6052856445312,-0.2508668601512909,0.0,0.0701172947883606,0.12360246479511261,0.0,36.5,44.0,34
14.017979621887207,1,739.60546875,0.03045062907040119,0.0,-0.012518849223852158,0.19325242936611176,0.0,37.0,45.0,34
14.045498132705688,1,739.6054077148438,-0.081684909760952,0.0,-0.021815016865730286,0.1404212862253189,0.0,37.0,45.0,34
14.07300090789795,1,739.6055908203125,0.20918045938014984,0.0,0.08787193894386292,0.22991441190242767,0.0,37.0,45.0,34
14.100506782531738,1,739.6054077148438,-0.14436393976211548,0.0,0.09855356812477112,0.2823435664176941,0.0,37.0,45.0,34
14.128058433532715,1,739.60546875,-0.08195602893829346,0.0,0.11058863252401352,0.08924227952957153,0.0,37.0,44.0,34
14.155564308166504,1,739.6055297851562,-0.026746738702058792,0.0,-0.041078198701143265,0.03460405021905899,0.0,37.0,44.0,34
14.183080911636353,1,739.6054077148438,-0.11249741911888123,0.0,-0.062799833714962,0.17514148354530334,0.0,37.0,45.0,34
14.210539817810059,1,739.6053466796875,-0.16918271780014038,0.0,0.11078545451164246,0.08899784088134766,0.0,37.0,45.0,34
14.238054275512695,1,739.6055297851562,0.029365835711359978,0.0,-0.0410698838531971,0.034613922238349915,0.0,36.5,44.0,34
14.265502452850342,1,739.6055908203125,0.09870119392871857,0.0,0.1198323592543602,0.14233249425888062,0.0,37.0,45.0,34
14.293002367019653,1,739.6055908203125,0.0468350350856781,0.0,-0.1420910358428955,-0.0020389878191053867,0.0,36.5,44.0,34
14.320489645004272,1,739.6055908203125,0.1620427966117859,0.0,0.050485119223594666,0.018333423882722855,0.0,36.5,44.0,34
14.348005294799805,1,739.6055908203125,0.21827612817287445,0.0,-0.04110787808895111,0.03456879407167435,0.0,37.0,44.0,34
14.3755042552948,1,739.6053466796875,-0.2024049311876297,0.0,-0.011829311959445477,0.1932956576347351,0.0,37.0,44.0,34
14.402933835983276,1,739.6052856445312,-0.23707276582717896,0.0,0.009731515310704708,0.052821919322013855,0.0,36.5,44.0,34
14.430439949035645,1,739.6055908203125,0.1096947193145752,0.0,0.059894196689128876,0.07118479907512665,0.0,37.0,44.0,34
14.45792293548584,1,739.6054077148438,-0.1016850620508194,0.0,0.009572062641382217,0.05285109207034111,0.0,37.0,44.0,34
14.485328912734985,1,739.6055908203125,0.07306908071041107,0.0,0.04112546145915985,-0.03454793989658356,0.0,36.5,44.0,34
14.51288628578186,1,739.6055908203125,-0.0008143692975863814,0.0,0.02824733406305313,0.1586374044418335,0.0,37.0,44.0,34
14.540332317352295,1,739.60546875,-0.0766555443406105,0.0,0.08879916369915009,0.22955797612667084,0.0,37.0,44.0,34
14.567816734313965,1,739.6054077148438,-0.14099106192588806,0.0,-0.053137727081775665,0.22801047563552856,0.0,37.0,44.0,34
14.59519362449646,1,739.60546875,0.02617289312183857,0.0,-0.07255931943655014,0.12218498438596725,0.0,37.0,44.0,34
14.622607707977295,1,739.6055297851562,-0.0050912522710859776,0.0,-0.031626977026462555,0.08748894929885864,0.0,37.0,44.0,34
